12102.0,17,4,1,468.0
11921.0,17,4,1,467.0
11326.0,17,4,1,468.0
10152.0,17,4,1,467.0
9481.0,17,4,1,468.0
8980.0,17,4,1,468.0
11343.0,17,4,1,464.0
11343.0,17,4,1,464.0
10209.0,17,4,1,468.0
9634.0,17,4,1,470.0
9242.0,17,4,1,467.0
8980.0,17,4,1,466.0
9330.0,17,4,1,468.0
12563.0,17,4,1,468.0
12563.0,17,4,1,468.0
12077.0,17,4,1,467.0
11191.0,17,4,1,467.0
11191.0,17,4,1,467.0
10252.0,17,4,1,468.0
13577.0,17,4,1,472.0
13010.0,17,4,1,470.0
9111.0,17,4,1,465.0
8883.0,17,4,1,468.0
12364.0,17,4,1,468.0
11991.0,17,4,1,468.0
11991.0,17,4,1,468.0
12064.0,17,4,1,468.0
14855.0,17,4,1,470.0
12847.0,17,4,1,468.0
12847.0,17,4,1,468.0
12565.0,17,4,1,468.0
8627.0,17,4,1,468.0
11665.0,17,4,1,467.0
12628.0,17,4,1,467.0
12548.0,17,4,1,468.0
15205.0,17,4,1,468.0
10556.0,17,4,1,469.0
9985.0,17,4,1,470.0
8743.0,17,4,1,470.0
8743.0,17,4,1,470.0
11884.0,17,4,1,468.0
11884.0,17,4,1,468.0
11693.0,17,4,1,465.0
10434.0,17,4,1,466.0
9809.0,17,4,1,469.0
9359.0,17,4,1,469.0
2122.0,17,4,1,0.0
2122.0,17,4,1,0.0
1982.0,17,4,1,0.0
1982.0,17,4,1,0.0
3492.0,17,4,1,0.0
2683.0,17,4,1,0.0
1883.0,17,4,1,0.0
1887.0,17,4,1,0.0
2732.0,17,4,1,0.0
2732.0,17,4,1,0.0
2574.0,17,4,1,0.0
2356.0,17,4,1,0.0
2193.0,17,4,1,0.0
2082.0,17,4,1,0.0
2705.0,17,4,1,0.0
2705.0,17,4,1,0.0
46.0,17,4,1,0.0
46.0,17,4,1,0.0
4865.0,17,4,1,0.0
2894.0,17,4,1,0.0
2657.0,17,4,1,0.0
2657.0,17,4,1,0.0
2297.0,17,4,1,0.0
2132.0,17,4,1,0.0
2065.0,17,4,1,0.0
2005.0,17,4,1,0.0
1966.0,17,4,1,0.0
68.0,17,4,1,0.0
68.0,17,4,1,0.0
47.0,17,4,1,0.0
2535.0,17,4,1,0.0
2875.0,17,4,1,0.0
2723.0,17,4,1,0.0
2649.0,17,4,1,0.0
33.0,17,4,1,0.0
33.0,17,4,1,0.0
704.0,17,4,1,0.0
13.0,17,4,1,0.0
33.0,17,4,1,0.0
13.0,17,4,1,0.0
13.0,17,4,1,0.0
13.0,17,4,1,0.0
13.0,17,4,1,0.0
13.0,17,4,1,0.0
13.0,17,4,1,0.0
33.0,17,4,1,0.0
13.0,17,4,1,0.0
13.0,17,4,1,0.0
34.0,17,4,1,0.0
34.0,17,4,1,0.0
13.0,17,4,1,0.0
13.0,17,4,1,0.0
33.0,17,4,1,0.0
33.0,17,4,1,0.0
33.0,17,4,1,0.0
13.0,17,4,1,0.0
2001.9999999999998,17,4,1,0.0
2013.9999999999998,17,4,1,0.0
11.0,17,4,1,0.0
11.0,17,4,1,0.0
11.0,17,4,1,0.0
11.0,17,4,1,0.0
11.0,17,4,1,0.0
11.0,17,4,1,0.0
11.0,17,4,1,0.0
11.0,17,4,1,0.0
11.0,17,4,1,0.0
12.0,17,4,1,0.0
11.0,17,4,1,0.0
11.0,17,4,1,0.0
11.0,17,4,1,0.0
11.0,17,4,1,0.0
11.0,17,4,1,0.0
11.0,17,4,1,0.0
11.0,17,4,1,0.0
11.0,17,4,1,0.0
12.0,17,4,1,0.0
11.0,17,4,1,0.0
11.0,17,4,1,0.0
11.0,17,4,1,0.0
11.0,17,4,1,0.0
847.0,17,4,1,0.0
847.0,17,4,1,0.0
14.0,17,4,1,0.0
15.0,17,4,1,0.0
15.0,17,4,1,0.0
15.0,17,4,1,0.0
14.0,17,4,1,0.0
853.0,17,4,1,0.0
836.0,17,4,1,0.0
14.0,17,4,1,0.0
15.0,17,4,1,0.0
15.0,17,4,1,0.0
15.0,17,4,1,0.0
185.0,17,4,1,0.0
173.0,17,4,1,0.0
149.0,17,4,1,0.0
35.0,17,4,1,0.0
35.0,17,4,1,0.0
15.0,17,4,1,0.0
15.0,17,4,1,0.0
15.0,17,4,1,0.0
35.0,17,4,1,0.0
13.0,17,4,1,0.0
33.0,17,4,1,0.0
33.0,17,4,1,0.0
13.0,17,4,1,0.0
13.0,17,4,1,0.0
33.0,17,4,1,0.0
13.0,17,4,1,0.0
13.0,17,4,1,0.0
13.0,17,4,1,0.0
159.0,17,4,1,0.0
159.0,17,4,1,0.0
149.0,17,4,1,0.0
147.0,17,4,1,0.0
145.0,17,4,1,0.0
12.0,17,4,1,0.0
13.0,17,4,1,0.0
12.0,17,4,1,0.0
12.0,17,4,1,0.0
13.0,17,4,1,0.0
13.0,17,4,1,0.0
12.0,17,4,1,0.0
13.0,17,4,1,0.0
13.0,17,4,1,0.0
13.0,17,4,1,0.0
13.0,17,4,1,0.0
12.0,17,4,1,0.0
13.0,17,4,1,0.0
12.0,17,4,1,0.0
13.0,17,4,1,0.0
13.0,17,4,1,0.0
13.0,17,4,1,0.0
12.0,17,4,1,0.0
13.0,17,4,1,0.0
13.0,17,4,1,0.0
13.0,17,4,1,0.0
13.0,17,4,1,0.0
13.0,17,4,1,0.0
12.0,17,4,1,0.0
13.0,17,4,1,0.0
13.0,17,4,1,0.0
13.0,17,4,1,0.0
13.0,17,4,1,0.0
13.0,17,4,1,0.0
13.0,17,4,1,0.0
13.0,17,4,1,0.0
12.0,17,4,1,0.0
12.0,17,4,1,0.0
13.0,17,4,1,0.0
160.0,17,4,1,0.0
160.0,17,4,1,0.0
150.0,17,4,1,0.0
148.0,17,4,1,0.0
146.0,17,4,1,0.0
13.0,17,4,1,0.0
13.0,17,4,1,0.0
13.0,17,4,1,0.0
13.0,17,4,1,0.0
13.0,17,4,1,0.0
13.0,17,4,1,0.0
13.0,17,4,1,0.0
13.0,17,4,1,0.0
13.0,17,4,1,0.0
13.0,17,4,1,0.0
13.0,17,4,1,0.0
13.0,17,4,1,0.0
13.0,17,4,1,0.0
13.0,17,4,1,0.0
13.0,17,4,1,0.0
13.0,17,4,1,0.0
13.0,17,4,1,0.0
13.0,17,4,1,0.0
13.0,17,4,1,0.0
13.0,17,4,1,0.0
13.0,17,4,1,0.0
13.0,17,4,1,0.0
14.0,17,4,1,0.0
14.0,17,4,1,0.0
14.0,17,4,1,0.0
14.0,17,4,1,0.0
14.0,17,4,1,0.0
14.0,17,4,1,0.0
14.0,17,4,1,0.0
14.0,17,4,1,0.0
13.0,17,4,1,0.0
13.0,17,4,1,0.0
14.0,17,4,1,0.0
14.0,17,4,1,0.0
1828.0,17,4,1,0.0
1828.0,17,4,1,0.0
14.0,17,4,1,0.0
14.0,17,4,1,0.0
153.0,17,4,1,0.0
153.0,17,4,1,0.0
1372.0,17,4,1,0.0
1371.0,17,4,1,0.0
2892.0,17,4,1,1527.0
2642.0,17,4,1,1426.0
2629.0,17,4,1,1409.0
1256.0,17,4,1,15.0
1256.0,17,4,1,15.0
2059.0,17,4,1,0.0
1247.0,17,4,1,0.0
1243.0,17,4,1,0.0
1244.0,17,4,1,0.0
1247.0,17,4,1,0.0
1249.0,17,4,1,0.0
1249.0,17,4,1,0.0
1228.0,17,4,1,0.0
1232.0,17,4,1,0.0
1248.0,17,4,1,0.0
1257.0,17,4,1,0.0
1250.0,17,4,1,0.0
1250.0,17,4,1,0.0
1257.0,17,4,1,0.0
1234.0,17,4,1,0.0
1238.0,17,4,1,0.0
1256.0,17,4,1,0.0
1253.0,17,4,1,0.0
1230.0,17,4,1,0.0
1396.0,17,4,1,0.0
1396.0,17,4,1,0.0
1227.0,17,4,1,0.0
1231.0,17,4,1,0.0
1245.0,17,4,1,0.0
1252.0,17,4,1,0.0
2068.0,17,4,1,0.0
2068.0,17,4,1,0.0
1238.0,17,4,1,0.0
1230.0,17,4,1,0.0
1255.0,17,4,1,0.0
1256.0,17,4,1,0.0
1237.0,17,4,1,0.0
1374.0,17,4,1,0.0
1374.0,17,4,1,0.0
1370.0,17,4,1,0.0
1393.0,17,4,1,0.0
1389.0,17,4,1,0.0
1238.0,17,4,1,0.0
1238.0,17,4,1,0.0
2070.0,17,4,1,0.0
2070.0,17,4,1,0.0
1236.0,17,4,1,0.0
1233.0,17,4,1,0.0
1242.0,17,4,1,0.0
1242.0,17,4,1,0.0
1259.0,17,4,1,0.0
1262.0,17,4,1,0.0
15.0,17,4,1,0.0
15.0,17,4,1,0.0
3946.0,17,4,1,1520.0
3946.0,17,4,1,1520.0
3864.0,17,4,1,1418.0
3848.0,17,4,1,1386.0
3696.0,17,4,1,1259.0
3719.0,17,4,1,1259.0
3605.0,17,4,1,1176.0
3605.0,17,4,1,1176.0
3637.0,17,4,1,1185.0
2520.0,17,4,1,76.0
3033.0,17,4,1,14.0
3033.0,17,4,1,14.0
1273.0,17,4,1,14.0
1246.0,17,4,1,0.0
1246.0,17,4,1,0.0
1263.0,17,4,1,0.0
1333.0,17,4,1,0.0
1237.0,17,4,1,0.0
1264.0,17,4,1,0.0
1258.0,17,4,1,0.0
1257.0,17,4,1,0.0
1257.0,17,4,1,0.0
1257.0,17,4,1,0.0
1238.0,17,4,1,0.0
1238.0,17,4,1,0.0
1266.0,17,4,1,0.0
2015.0000000000002,17,4,1,0.0
1262.0,17,4,1,0.0
1262.0,17,4,1,0.0
1241.0,17,4,1,0.0
1235.0,17,4,1,0.0
1416.0,17,4,1,0.0
1401.0,17,4,1,0.0
1378.0,17,4,1,0.0
2185.0,17,4,1,0.0
2185.0,17,4,1,0.0
1395.0,17,4,1,0.0
1395.0,17,4,1,0.0
1362.0,17,4,1,0.0
1362.0,17,4,1,0.0
1365.0,17,4,1,0.0
1352.0,17,4,1,0.0
1352.0,17,4,1,0.0
1354.0,17,4,1,0.0
1258.0,17,4,1,0.0
2068.0,17,4,1,0.0
1243.0,17,4,1,0.0
1256.0,17,4,1,0.0
1237.0,17,4,1,0.0
1237.0,17,4,1,0.0
1236.0,17,4,1,0.0
1236.0,17,4,1,0.0
1230.0,17,4,1,0.0
1229.0,17,4,1,0.0
1230.0,17,4,1,0.0
1234.0,17,4,1,0.0
1240.0,17,4,1,0.0
1240.0,17,4,1,0.0
1244.0,17,4,1,0.0
1243.0,17,4,1,0.0
1243.0,17,4,1,0.0
1238.0,17,4,1,0.0
1238.0,17,4,1,0.0
1238.0,17,4,1,0.0
1238.0,17,4,1,0.0
1236.0,17,4,1,0.0
1238.0,17,4,1,0.0
1240.0,17,4,1,0.0
1242.0,17,4,1,0.0
1241.0,17,4,1,0.0
1241.0,17,4,1,0.0
1238.0,17,4,1,0.0
1236.0,17,4,1,0.0
1236.0,17,4,1,0.0
1233.0,17,4,1,0.0
1234.0,17,4,1,0.0
1236.0,17,4,1,0.0
1242.0,17,4,1,0.0
1242.0,17,4,1,0.0
1243.0,17,4,1,0.0
1246.0,17,4,1,0.0
1245.0,17,4,1,0.0
1239.0,17,4,1,0.0
1235.0,17,4,1,0.0
1234.0,17,4,1,0.0
1234.0,17,4,1,0.0
1241.0,17,4,1,0.0
1238.0,17,4,1,0.0
1239.0,17,4,1,0.0
1246.0,17,4,1,0.0
1241.0,17,4,1,0.0
1241.0,17,4,1,0.0
1243.0,17,4,1,0.0
1239.0,17,4,1,0.0
1236.0,17,4,1,0.0
1236.0,17,4,1,0.0
1237.0,17,4,1,0.0
1243.0,17,4,1,0.0
1243.0,17,4,1,0.0
1241.0,17,4,1,0.0
1238.0,17,4,1,0.0
1246.0,17,4,1,0.0
1241.0,17,4,1,0.0
1241.0,17,4,1,0.0
1238.0,17,4,1,0.0
1238.0,17,4,1,0.0
1240.0,17,4,1,0.0
1239.0,17,4,1,0.0
1238.0,17,4,1,0.0
1247.0,17,4,1,0.0
1247.0,17,4,1,0.0
1242.0,17,4,1,0.0
1242.0,17,4,1,0.0
1240.0,17,4,1,0.0
1240.0,17,4,1,0.0
1242.0,17,4,1,0.0
1242.0,17,4,1,0.0
1241.0,17,4,1,0.0
1241.0,17,4,1,0.0
1247.0,17,4,1,0.0
1248.0,17,4,1,0.0
1248.0,17,4,1,0.0
1398.0,17,4,1,0.0
1381.0,17,4,1,0.0
1377.0,17,4,1,0.0
1377.0,17,4,1,0.0
1239.0,17,4,1,0.0
1244.0,17,4,1,0.0
1242.0,17,4,1,0.0
1242.0,17,4,1,0.0
1244.0,17,4,1,0.0
1250.0,17,4,1,0.0
1250.0,17,4,1,0.0
1248.0,17,4,1,0.0
1241.0,17,4,1,0.0
1243.0,17,4,1,0.0
1241.0,17,4,1,0.0
1243.0,17,4,1,0.0
1244.0,17,4,1,0.0
1244.0,17,4,1,0.0
1249.0,17,4,1,0.0
1249.0,17,4,1,0.0
1246.0,17,4,1,0.0
1246.0,17,4,1,0.0
1242.0,17,4,1,0.0
1242.0,17,4,1,0.0
1240.0,17,4,1,0.0
1246.0,17,4,1,0.0
1245.0,17,4,1,0.0
1241.0,17,4,1,0.0
1250.0,17,4,1,0.0
1250.0,17,4,1,0.0
13.0,17,4,1,0.0
13.0,17,4,1,0.0
13.0,17,4,1,0.0
13.0,17,4,1,0.0
13.0,17,4,1,0.0
13.0,17,4,1,0.0
13.0,17,4,1,0.0
13.0,17,4,1,0.0
13.0,17,4,1,0.0
13.0,17,4,1,0.0
13.0,17,4,1,0.0
13.0,17,4,1,0.0
13.0,17,4,1,0.0
13.0,17,4,1,0.0
13.0,17,4,1,0.0
13.0,17,4,1,0.0
13.0,17,4,1,0.0
13.0,17,4,1,0.0
13.0,17,4,1,0.0
163.0,17,4,1,0.0
150.0,17,4,1,0.0
150.0,17,4,1,0.0
148.0,17,4,1,0.0
13.0,17,4,1,0.0
13.0,17,4,1,0.0
13.0,17,4,1,0.0
13.0,17,4,1,0.0
13.0,17,4,1,0.0
13.0,17,4,1,0.0
13.0,17,4,1,0.0
13.0,17,4,1,0.0
35.0,17,4,1,0.0
28.0,17,4,1,0.0
29.0,17,4,1,0.0
33.0,17,4,1,0.0
33.0,17,4,1,0.0
33.0,17,4,1,0.0
33.0,17,4,1,0.0
32.0,17,4,1,0.0
29.0,17,4,1,0.0
30.0,17,4,1,0.0
36.0,17,4,1,0.0
36.0,17,4,1,0.0
31.0,17,4,1,0.0
31.0,17,4,1,0.0
31.0,17,4,1,0.0
28.0,17,4,1,0.0
31.0,17,4,1,0.0
33.0,17,4,1,0.0
33.0,17,4,1,0.0
34.0,17,4,1,0.0
41.0,17,4,1,0.0
29.0,17,4,1,0.0
45.0,17,4,1,0.0
28.0,17,4,1,0.0
28.0,17,4,1,0.0
28.0,17,4,1,0.0
20.0,17,4,1,0.0
29.0,17,4,1,0.0
30.0,17,4,1,0.0
28.0,17,4,1,0.0
29.0,17,4,1,0.0
29.0,17,4,1,0.0
30.0,17,4,1,0.0
31.0,17,4,1,0.0
29.0,17,4,1,0.0
184.0,17,4,1,0.0
184.0,17,4,1,0.0
167.0,17,4,1,0.0
167.0,17,4,1,0.0
168.0,17,4,1,0.0
35.0,17,4,1,0.0
33.0,17,4,1,0.0
29.0,17,4,1,0.0
32.0,17,4,1,0.0
31.0,17,4,1,0.0
31.0,17,4,1,0.0
28.0,17,4,1,0.0
30.0,17,4,1,0.0
33.0,17,4,1,0.0
33.0,17,4,1,0.0
23.0,17,4,1,0.0
23.0,17,4,1,0.0
21.0,17,4,1,0.0
35.0,17,4,1,0.0
40.0,17,4,1,0.0
32.0,17,4,1,0.0
32.0,17,4,1,0.0
32.0,17,4,1,0.0
18.0,17,4,1,0.0
18.0,17,4,1,0.0
30.0,17,4,1,0.0
32.0,17,4,1,0.0
32.0,17,4,1,0.0
33.0,17,4,1,0.0
33.0,17,4,1,0.0
28.0,17,4,1,0.0
28.0,17,4,1,0.0
36.0,17,4,1,0.0
36.0,17,4,1,0.0
56.0,17,4,1,0.0
36.0,17,4,1,0.0
13.0,17,4,1,0.0
13.0,17,4,1,0.0
13.0,17,4,1,0.0
13.0,17,4,1,0.0
13.0,17,4,1,0.0
13.0,17,4,1,0.0
13.0,17,4,1,0.0
13.0,17,4,1,0.0
13.0,17,4,1,0.0
13.0,17,4,1,0.0
13.0,17,4,1,0.0
13.0,17,4,1,0.0
13.0,17,4,1,0.0
13.0,17,4,1,0.0
13.0,17,4,1,0.0
159.0,17,4,1,0.0
159.0,17,4,1,0.0
149.0,17,4,1,0.0
149.0,17,4,1,0.0
149.0,17,4,1,0.0
147.0,17,4,1,0.0
13.0,17,4,1,0.0
13.0,17,4,1,0.0
13.0,17,4,1,0.0
13.0,17,4,1,0.0
13.0,17,4,1,0.0
13.0,17,4,1,0.0
13.0,17,4,1,0.0
13.0,17,4,1,0.0
13.0,17,4,1,0.0
13.0,17,4,1,0.0
13.0,17,4,1,0.0
13.0,17,4,1,0.0
13.0,17,4,1,0.0
13.0,17,4,1,0.0
13.0,17,4,1,0.0
13.0,17,4,1,0.0
13.0,17,4,1,0.0
13.0,17,4,1,0.0
13.0,17,4,1,0.0
13.0,17,4,1,0.0
13.0,17,4,1,0.0
13.0,17,4,1,0.0
13.0,17,4,1,0.0
13.0,17,4,1,0.0
13.0,17,4,1,0.0
13.0,17,4,1,0.0
13.0,17,4,1,0.0
13.0,17,4,1,0.0
13.0,17,4,1,0.0
13.0,17,4,1,0.0
13.0,17,4,1,0.0
13.0,17,4,1,0.0
13.0,17,4,1,0.0
13.0,17,4,1,0.0
13.0,17,4,1,0.0
13.0,17,4,1,0.0
13.0,17,4,1,0.0
13.0,17,4,1,0.0
13.0,17,4,1,0.0
13.0,17,4,1,0.0
13.0,17,4,1,0.0
13.0,17,4,1,0.0
13.0,17,4,1,0.0
13.0,17,4,1,0.0
13.0,17,4,1,0.0
13.0,17,4,1,0.0
13.0,17,4,1,0.0
161.0,17,4,1,0.0
150.0,17,4,1,0.0
13.0,17,4,1,0.0
13.0,17,4,1,0.0
13.0,17,4,1,0.0
14.0,17,4,1,0.0
13.0,17,4,1,0.0
13.0,17,4,1,0.0
13.0,17,4,1,0.0
13.0,17,4,1,0.0
13.0,17,4,1,0.0
13.0,17,4,1,0.0
13.0,17,4,1,0.0
13.0,17,4,1,0.0
13.0,17,4,1,0.0
13.0,17,4,1,0.0
13.0,17,4,1,0.0
13.0,17,4,1,0.0
13.0,17,4,1,0.0
13.0,17,4,1,0.0
13.0,17,4,1,0.0
13.0,17,4,1,0.0
13.0,17,4,1,0.0
13.0,17,4,1,0.0
13.0,17,4,1,0.0
13.0,17,4,1,0.0
13.0,17,4,1,0.0
14.0,17,4,1,0.0
14.0,17,4,1,0.0
13.0,17,4,1,0.0
13.0,17,4,1,0.0
13.0,17,4,1,0.0
13.0,17,4,1,0.0
13.0,17,4,1,0.0
14.0,17,4,1,0.0
13.0,17,4,1,0.0
13.0,17,4,1,0.0
13.0,17,4,1,0.0
13.0,17,4,1,0.0
13.0,17,4,1,0.0
13.0,17,4,1,0.0
13.0,17,4,1,0.0
13.0,17,4,1,0.0
13.0,17,4,1,0.0
13.0,17,4,1,0.0
14.0,17,4,1,0.0
13.0,17,4,1,0.0
13.0,17,4,1,0.0
13.0,17,4,1,0.0
166.0,17,4,1,0.0
149.0,17,4,1,0.0
149.0,17,4,1,0.0
13.0,17,4,1,0.0
13.0,17,4,1,0.0
13.0,17,4,1,0.0
13.0,17,4,1,0.0
13.0,17,4,1,0.0
13.0,17,4,1,0.0
13.0,17,4,1,0.0
13.0,17,4,1,0.0
13.0,17,4,1,0.0
13.0,17,4,1,0.0
14.0,17,4,1,0.0
13.0,17,4,1,0.0
13.0,17,4,1,0.0
13.0,17,4,1,0.0
13.0,17,4,1,0.0
13.0,17,4,1,0.0
14.0,17,4,1,0.0
13.0,17,4,1,0.0
13.0,17,4,1,0.0
13.0,17,4,1,0.0
13.0,17,4,1,0.0
13.0,17,4,1,0.0
13.0,17,4,1,0.0
13.0,17,4,1,0.0
13.0,17,4,1,0.0
13.0,17,4,1,0.0
13.0,17,4,1,0.0
13.0,17,4,1,0.0
13.0,17,4,1,0.0
13.0,17,4,1,0.0
13.0,17,4,1,0.0
13.0,17,4,1,0.0
13.0,17,4,1,0.0
13.0,17,4,1,0.0
13.0,17,4,1,0.0
13.0,17,4,1,0.0
13.0,17,4,1,0.0
13.0,17,4,1,0.0
13.0,17,4,1,0.0
13.0,17,4,1,0.0
13.0,17,4,1,0.0
13.0,17,4,1,0.0
13.0,17,4,1,0.0
13.0,17,4,1,0.0
13.0,17,4,1,0.0
13.0,17,4,1,0.0
13.0,17,4,1,0.0
13.0,17,4,1,0.0
13.0,17,4,1,0.0
161.0,17,4,1,0.0
149.0,17,4,1,0.0
148.0,17,4,1,0.0
148.0,17,4,1,0.0
13.0,17,4,1,0.0
13.0,17,4,1,0.0
13.0,17,4,1,0.0
13.0,17,4,1,0.0
13.0,17,4,1,0.0
13.0,17,4,1,0.0
13.0,17,4,1,0.0
13.0,17,4,1,0.0
13.0,17,4,1,0.0
13.0,17,4,1,0.0
13.0,17,4,1,0.0
13.0,17,4,1,0.0
13.0,17,4,1,0.0
13.0,17,4,1,0.0
13.0,17,4,1,0.0
13.0,17,4,1,0.0
13.0,17,4,1,0.0
13.0,17,4,1,0.0
13.0,17,4,1,0.0
13.0,17,4,1,0.0
13.0,17,4,1,0.0
13.0,17,4,1,0.0
13.0,17,4,1,0.0
13.0,17,4,1,0.0
13.0,17,4,1,0.0
13.0,17,4,1,0.0
13.0,17,4,1,0.0
13.0,17,4,1,0.0
13.0,17,4,1,0.0
13.0,17,4,1,0.0
13.0,17,4,1,0.0
13.0,17,4,1,0.0
13.0,17,4,1,0.0
13.0,17,4,1,0.0
13.0,17,4,1,0.0
13.0,17,4,1,0.0
13.0,17,4,1,0.0
13.0,17,4,1,0.0
13.0,17,4,1,0.0
13.0,17,4,1,0.0
13.0,17,4,1,0.0
13.0,17,4,1,0.0
13.0,17,4,1,0.0
13.0,17,4,1,0.0
13.0,17,4,1,0.0
149.0,17,4,1,0.0
149.0,17,4,1,0.0
148.0,17,4,1,0.0
145.0,17,4,1,0.0
145.0,17,4,1,0.0
13.0,17,4,1,0.0
13.0,17,4,1,0.0
13.0,17,4,1,0.0
13.0,17,4,1,0.0
13.0,17,4,1,0.0
13.0,17,4,1,0.0
13.0,17,4,1,0.0
13.0,17,4,1,0.0
13.0,17,4,1,0.0
13.0,17,4,1,0.0
13.0,17,4,1,0.0
13.0,17,4,1,0.0
13.0,17,4,1,0.0
13.0,17,4,1,0.0
13.0,17,4,1,0.0
13.0,17,4,1,0.0
13.0,17,4,1,0.0
13.0,17,4,1,0.0
13.0,17,4,1,0.0
13.0,17,4,1,0.0
13.0,17,4,1,0.0
13.0,17,4,1,0.0
13.0,17,4,1,0.0
13.0,17,4,1,0.0
13.0,17,4,1,0.0
13.0,17,4,1,0.0
13.0,17,4,1,0.0
13.0,17,4,1,0.0
13.0,17,4,1,0.0
13.0,17,4,1,0.0
13.0,17,4,1,0.0
13.0,17,4,1,0.0
13.0,17,4,1,0.0
13.0,17,4,1,0.0
13.0,17,4,1,0.0
13.0,17,4,1,0.0
13.0,17,4,1,0.0
13.0,17,4,1,0.0
13.0,17,4,1,0.0
13.0,17,4,1,0.0
13.0,17,4,1,0.0
13.0,17,4,1,0.0
13.0,17,4,1,0.0
13.0,17,4,1,0.0
13.0,17,4,1,0.0
13.0,17,4,1,0.0
13.0,17,4,1,0.0
13.0,17,4,1,0.0
13.0,17,4,1,0.0
13.0,17,4,1,0.0
157.0,17,4,1,0.0
147.0,17,4,1,0.0
145.0,17,4,1,0.0
145.0,17,4,1,0.0
13.0,17,4,1,0.0
13.0,17,4,1,0.0
13.0,17,4,1,0.0
13.0,17,4,1,0.0
13.0,17,4,1,0.0
13.0,17,4,1,0.0
13.0,17,4,1,0.0
13.0,17,4,1,0.0
13.0,17,4,1,0.0
13.0,17,4,1,0.0
13.0,17,4,1,0.0
13.0,17,4,1,0.0
13.0,17,4,1,0.0
13.0,17,4,1,0.0
13.0,17,4,1,0.0
13.0,17,4,1,0.0
13.0,17,4,1,0.0
13.0,17,4,1,0.0
13.0,17,4,1,0.0
13.0,17,4,1,0.0
13.0,17,4,1,0.0
13.0,17,4,1,0.0
13.0,17,4,1,0.0
13.0,17,4,1,0.0
13.0,17,4,1,0.0
13.0,17,4,1,0.0
13.0,17,4,1,0.0
13.0,17,4,1,0.0
13.0,17,4,1,0.0
13.0,17,4,1,0.0
13.0,17,4,1,0.0
13.0,17,4,1,0.0
13.0,17,4,1,0.0
13.0,17,4,1,0.0
13.0,17,4,1,0.0
13.0,17,4,1,0.0
13.0,17,4,1,0.0
13.0,17,4,1,0.0
13.0,17,4,1,0.0
13.0,17,4,1,0.0
13.0,17,4,1,0.0
13.0,17,4,1,0.0
13.0,17,4,1,0.0
13.0,17,4,1,0.0
13.0,17,4,1,0.0
13.0,17,4,1,0.0
13.0,17,4,1,0.0
147.0,17,4,1,0.0
147.0,17,4,1,0.0
146.0,17,4,1,0.0
146.0,17,4,1,0.0
13.0,17,4,1,0.0
13.0,17,4,1,0.0
13.0,17,4,1,0.0
13.0,17,4,1,0.0
13.0,17,4,1,0.0
13.0,17,4,1,0.0
13.0,17,4,1,0.0
13.0,17,4,1,0.0
13.0,17,4,1,0.0
13.0,17,4,1,0.0
13.0,17,4,1,0.0
13.0,17,4,1,0.0
13.0,17,4,1,0.0
13.0,17,4,1,0.0
13.0,17,4,1,0.0
13.0,17,4,1,0.0
13.0,17,4,1,0.0
13.0,17,4,1,0.0
13.0,17,4,1,0.0
13.0,17,4,1,0.0
13.0,17,4,1,0.0
13.0,17,4,1,0.0
13.0,17,4,1,0.0
13.0,17,4,1,0.0
13.0,17,4,1,0.0
13.0,17,4,1,0.0
13.0,17,4,1,0.0
13.0,17,4,1,0.0
13.0,17,4,1,0.0
13.0,17,4,1,0.0
13.0,17,4,1,0.0
13.0,17,4,1,0.0
13.0,17,4,1,0.0
13.0,17,4,1,0.0
13.0,17,4,1,0.0
13.0,17,4,1,0.0
13.0,17,4,1,0.0
13.0,17,4,1,0.0
13.0,17,4,1,0.0
13.0,17,4,1,0.0
13.0,17,4,1,0.0
13.0,17,4,1,0.0
13.0,17,4,1,0.0
13.0,17,4,1,0.0
13.0,17,4,1,0.0
13.0,17,4,1,0.0
13.0,17,4,1,0.0
13.0,17,4,1,0.0
13.0,17,4,1,0.0
13.0,17,4,1,0.0
13.0,17,4,1,0.0
166.0,17,4,1,0.0
149.0,17,4,1,0.0
146.0,17,4,1,0.0
146.0,17,4,1,0.0
146.0,17,4,1,0.0
13.0,17,4,1,0.0
13.0,17,4,1,0.0
13.0,17,4,1,0.0
13.0,17,4,1,0.0
13.0,17,4,1,0.0
13.0,17,4,1,0.0
13.0,17,4,1,0.0
13.0,17,4,1,0.0
13.0,17,4,1,0.0
13.0,17,4,1,0.0
13.0,17,4,1,0.0
13.0,17,4,1,0.0
13.0,17,4,1,0.0
13.0,17,4,1,0.0
13.0,17,4,1,0.0
13.0,17,4,1,0.0
13.0,17,4,1,0.0
13.0,17,4,1,0.0
13.0,17,4,1,0.0
13.0,17,4,1,0.0
13.0,17,4,1,0.0
13.0,17,4,1,0.0
13.0,17,4,1,0.0
13.0,17,4,1,0.0
13.0,17,4,1,0.0
13.0,17,4,1,0.0
13.0,17,4,1,0.0
13.0,17,4,1,0.0
13.0,17,4,1,0.0
13.0,17,4,1,0.0
13.0,17,4,1,0.0
13.0,17,4,1,0.0
13.0,17,4,1,0.0
13.0,17,4,1,0.0
13.0,17,4,1,0.0
13.0,17,4,1,0.0
13.0,17,4,1,0.0
13.0,17,4,1,0.0
13.0,17,4,1,0.0
13.0,17,4,1,0.0
13.0,17,4,1,0.0
13.0,17,4,1,0.0
13.0,17,4,1,0.0
13.0,17,4,1,0.0
13.0,17,4,1,0.0
13.0,17,4,1,0.0
13.0,17,4,1,0.0
150.0,17,4,1,0.0
150.0,17,4,1,0.0
147.0,17,4,1,0.0
147.0,17,4,1,0.0
146.0,17,4,1,0.0
13.0,17,4,1,0.0
13.0,17,4,1,0.0
13.0,17,4,1,0.0
13.0,17,4,1,0.0
13.0,17,4,1,0.0
13.0,17,4,1,0.0
13.0,17,4,1,0.0
13.0,17,4,1,0.0
13.0,17,4,1,0.0
13.0,17,4,1,0.0
13.0,17,4,1,0.0
13.0,17,4,1,0.0
13.0,17,4,1,0.0
13.0,17,4,1,0.0
13.0,17,4,1,0.0
13.0,17,4,1,0.0
13.0,17,4,1,0.0
13.0,17,4,1,0.0
13.0,17,4,1,0.0
13.0,17,4,1,0.0
13.0,17,4,1,0.0
13.0,17,4,1,0.0
13.0,17,4,1,0.0
13.0,17,4,1,0.0
13.0,17,4,1,0.0
13.0,17,4,1,0.0
13.0,17,4,1,0.0
13.0,17,4,1,0.0
13.0,17,4,1,0.0
13.0,17,4,1,0.0
13.0,17,4,1,0.0
13.0,17,4,1,0.0
13.0,17,4,1,0.0
13.0,17,4,1,0.0
13.0,17,4,1,0.0
13.0,17,4,1,0.0
13.0,17,4,1,0.0
13.0,17,4,1,0.0
13.0,17,4,1,0.0
13.0,17,4,1,0.0
13.0,17,4,1,0.0
13.0,17,4,1,0.0
13.0,17,4,1,0.0
13.0,17,4,1,0.0
13.0,17,4,1,0.0
13.0,17,4,1,0.0
13.0,17,4,1,0.0
13.0,17,4,1,0.0
13.0,17,4,1,0.0
13.0,17,4,1,0.0
13.0,17,4,1,0.0
147.0,17,4,1,0.0
147.0,17,4,1,0.0
146.0,17,4,1,0.0
145.0,17,4,1,0.0
13.0,17,4,1,0.0
13.0,17,4,1,0.0
13.0,17,4,1,0.0
13.0,17,4,1,0.0
13.0,17,4,1,0.0
13.0,17,4,1,0.0
13.0,17,4,1,0.0
13.0,17,4,1,0.0
13.0,17,4,1,0.0
13.0,17,4,1,0.0
13.0,17,4,1,0.0
13.0,17,4,1,0.0
13.0,17,4,1,0.0
13.0,17,4,1,0.0
13.0,17,4,1,0.0
13.0,17,4,1,0.0
13.0,17,4,1,0.0
13.0,17,4,1,0.0
13.0,17,4,1,0.0
13.0,17,4,1,0.0
13.0,17,4,1,0.0
13.0,17,4,1,0.0
13.0,17,4,1,0.0
13.0,17,4,1,0.0
13.0,17,4,1,0.0
13.0,17,4,1,0.0
13.0,17,4,1,0.0
13.0,17,4,1,0.0
13.0,17,4,1,0.0
13.0,17,4,1,0.0
13.0,17,4,1,0.0
13.0,17,4,1,0.0
13.0,17,4,1,0.0
13.0,17,4,1,0.0
13.0,17,4,1,0.0
13.0,17,4,1,0.0
13.0,17,4,1,0.0
13.0,17,4,1,0.0
13.0,17,4,1,0.0
13.0,17,4,1,0.0
13.0,17,4,1,0.0
13.0,17,4,1,0.0
13.0,17,4,1,0.0
13.0,17,4,1,0.0
13.0,17,4,1,0.0
13.0,17,4,1,0.0
13.0,17,4,1,0.0
13.0,17,4,1,0.0
13.0,17,4,1,0.0
158.0,17,4,1,0.0
146.0,17,4,1,0.0
146.0,17,4,1,0.0
144.0,17,4,1,0.0
13.0,17,4,1,0.0
13.0,17,4,1,0.0
13.0,17,4,1,0.0
13.0,17,4,1,0.0
13.0,17,4,1,0.0
13.0,17,4,1,0.0
13.0,17,4,1,0.0
13.0,17,4,1,0.0
13.0,17,4,1,0.0
13.0,17,4,1,0.0
13.0,17,4,1,0.0
13.0,17,4,1,0.0
13.0,17,4,1,0.0
13.0,17,4,1,0.0
13.0,17,4,1,0.0
13.0,17,4,1,0.0
13.0,17,4,1,0.0
13.0,17,4,1,0.0
13.0,17,4,1,0.0
13.0,17,4,1,0.0
13.0,17,4,1,0.0
13.0,17,4,1,0.0
13.0,17,4,1,0.0
13.0,17,4,1,0.0
13.0,17,4,1,0.0
13.0,17,4,1,0.0
13.0,17,4,1,0.0
13.0,17,4,1,0.0
13.0,17,4,1,0.0
13.0,17,4,1,0.0
13.0,17,4,1,0.0
13.0,17,4,1,0.0
13.0,17,4,1,0.0
13.0,17,4,1,0.0
13.0,17,4,1,0.0
13.0,17,4,1,0.0
13.0,17,4,1,0.0
13.0,17,4,1,0.0
13.0,17,4,1,0.0
13.0,17,4,1,0.0
13.0,17,4,1,0.0
13.0,17,4,1,0.0
13.0,17,4,1,0.0
13.0,17,4,1,0.0
13.0,17,4,1,0.0
13.0,17,4,1,0.0
13.0,17,4,1,0.0
13.0,17,4,1,0.0
13.0,17,4,1,0.0
13.0,17,4,1,0.0
165.0,17,4,1,0.0
149.0,17,4,1,0.0
146.0,17,4,1,0.0
13.0,17,4,1,0.0
13.0,17,4,1,0.0
13.0,17,4,1,0.0
13.0,17,4,1,0.0
13.0,17,4,1,0.0
13.0,17,4,1,0.0
13.0,17,4,1,0.0
13.0,17,4,1,0.0
13.0,17,4,1,0.0
13.0,17,4,1,0.0
13.0,17,4,1,0.0
13.0,17,4,1,0.0
13.0,17,4,1,0.0
13.0,17,4,1,0.0
13.0,17,4,1,0.0
13.0,17,4,1,0.0
13.0,17,4,1,0.0
13.0,17,4,1,0.0
13.0,17,4,1,0.0
13.0,17,4,1,0.0
13.0,17,4,1,0.0
13.0,17,4,1,0.0
13.0,17,4,1,0.0
13.0,17,4,1,0.0
13.0,17,4,1,0.0
13.0,17,4,1,0.0
13.0,17,4,1,0.0
13.0,17,4,1,0.0
13.0,17,4,1,0.0
13.0,17,4,1,0.0
13.0,17,4,1,0.0
13.0,17,4,1,0.0
13.0,17,4,1,0.0
13.0,17,4,1,0.0
13.0,17,4,1,0.0
13.0,17,4,1,0.0
13.0,17,4,1,0.0
13.0,17,4,1,0.0
13.0,17,4,1,0.0
13.0,17,4,1,0.0
13.0,17,4,1,0.0
13.0,17,4,1,0.0
13.0,17,4,1,0.0
13.0,17,4,1,0.0
13.0,17,4,1,0.0
13.0,17,4,1,0.0
13.0,17,4,1,0.0
13.0,17,4,1,0.0
13.0,17,4,1,0.0
13.0,17,4,1,0.0
165.0,17,4,1,0.0
150.0,17,4,1,0.0
146.0,17,4,1,0.0
146.0,17,4,1,0.0
13.0,17,4,1,0.0
13.0,17,4,1,0.0
13.0,17,4,1,0.0
13.0,17,4,1,0.0
13.0,17,4,1,0.0
13.0,17,4,1,0.0
13.0,17,4,1,0.0
13.0,17,4,1,0.0
13.0,17,4,1,0.0
13.0,17,4,1,0.0
13.0,17,4,1,0.0
13.0,17,4,1,0.0
13.0,17,4,1,0.0
13.0,17,4,1,0.0
13.0,17,4,1,0.0
13.0,17,4,1,0.0
13.0,17,4,1,0.0
13.0,17,4,1,0.0
13.0,17,4,1,0.0
13.0,17,4,1,0.0
13.0,17,4,1,0.0
13.0,17,4,1,0.0
13.0,17,4,1,0.0
13.0,17,4,1,0.0
13.0,17,4,1,0.0
13.0,17,4,1,0.0
13.0,17,4,1,0.0
13.0,17,4,1,0.0
13.0,17,4,1,0.0
13.0,17,4,1,0.0
13.0,17,4,1,0.0
13.0,17,4,1,0.0
13.0,17,4,1,0.0
13.0,17,4,1,0.0
13.0,17,4,1,0.0
13.0,17,4,1,0.0
13.0,17,4,1,0.0
13.0,17,4,1,0.0
13.0,17,4,1,0.0
13.0,17,4,1,0.0
13.0,17,4,1,0.0
13.0,17,4,1,0.0
13.0,17,4,1,0.0
13.0,17,4,1,0.0
13.0,17,4,1,0.0
13.0,17,4,1,0.0
13.0,17,4,1,0.0
13.0,17,4,1,0.0
13.0,17,4,1,0.0
13.0,17,4,1,0.0
157.0,17,4,1,0.0
157.0,17,4,1,0.0
146.0,17,4,1,0.0
145.0,17,4,1,0.0
146.0,17,4,1,0.0
144.0,17,4,1,0.0
13.0,17,4,1,0.0
13.0,17,4,1,0.0
13.0,17,4,1,0.0
13.0,17,4,1,0.0
12.0,17,4,1,0.0
13.0,17,4,1,0.0
13.0,17,4,1,0.0
13.0,17,4,1,0.0
13.0,17,4,1,0.0
13.0,17,4,1,0.0
13.0,17,4,1,0.0
13.0,17,4,1,0.0
12.0,17,4,1,0.0
13.0,17,4,1,0.0
13.0,17,4,1,0.0
13.0,17,4,1,0.0
13.0,17,4,1,0.0
13.0,17,4,1,0.0
13.0,17,4,1,0.0
13.0,17,4,1,0.0
13.0,17,4,1,0.0
13.0,17,4,1,0.0
13.0,17,4,1,0.0
13.0,17,4,1,0.0
13.0,17,4,1,0.0
13.0,17,4,1,0.0
13.0,17,4,1,0.0
13.0,17,4,1,0.0
13.0,17,4,1,0.0
13.0,17,4,1,0.0
13.0,17,4,1,0.0
13.0,17,4,1,0.0
13.0,17,4,1,0.0
13.0,17,4,1,0.0
13.0,17,4,1,0.0
13.0,17,4,1,0.0
13.0,17,4,1,0.0
13.0,17,4,1,0.0
13.0,17,4,1,0.0
13.0,17,4,1,0.0
13.0,17,4,1,0.0
13.0,17,4,1,0.0
13.0,17,4,1,0.0
13.0,17,4,1,0.0
13.0,17,4,1,0.0
13.0,17,4,1,0.0
152.0,17,4,1,0.0
152.0,17,4,1,0.0
146.0,17,4,1,0.0
146.0,17,4,1,0.0
145.0,17,4,1,0.0
13.0,17,4,1,0.0
13.0,17,4,1,0.0
13.0,17,4,1,0.0
13.0,17,4,1,0.0
13.0,17,4,1,0.0
13.0,17,4,1,0.0
13.0,17,4,1,0.0
13.0,17,4,1,0.0
13.0,17,4,1,0.0
13.0,17,4,1,0.0
13.0,17,4,1,0.0
13.0,17,4,1,0.0
13.0,17,4,1,0.0
13.0,17,4,1,0.0
13.0,17,4,1,0.0
13.0,17,4,1,0.0
13.0,17,4,1,0.0
13.0,17,4,1,0.0
13.0,17,4,1,0.0
13.0,17,4,1,0.0
13.0,17,4,1,0.0
13.0,17,4,1,0.0
13.0,17,4,1,0.0
13.0,17,4,1,0.0
13.0,17,4,1,0.0
13.0,17,4,1,0.0
13.0,17,4,1,0.0
13.0,17,4,1,0.0
13.0,17,4,1,0.0
13.0,17,4,1,0.0
13.0,17,4,1,0.0
13.0,17,4,1,0.0
13.0,17,4,1,0.0
13.0,17,4,1,0.0
13.0,17,4,1,0.0
13.0,17,4,1,0.0
13.0,17,4,1,0.0
13.0,17,4,1,0.0
13.0,17,4,1,0.0
13.0,17,4,1,0.0
13.0,17,4,1,0.0
13.0,17,4,1,0.0
13.0,17,4,1,0.0
13.0,17,4,1,0.0
13.0,17,4,1,0.0
13.0,17,4,1,0.0
13.0,17,4,1,0.0
13.0,17,4,1,0.0
13.0,17,4,1,0.0
13.0,17,4,1,0.0
146.0,17,4,1,0.0
146.0,17,4,1,0.0
146.0,17,4,1,0.0
146.0,17,4,1,0.0
144.0,17,4,1,0.0
13.0,17,4,1,0.0
13.0,17,4,1,0.0
13.0,17,4,1,0.0
13.0,17,4,1,0.0
13.0,17,4,1,0.0
13.0,17,4,1,0.0
13.0,17,4,1,0.0
13.0,17,4,1,0.0
13.0,17,4,1,0.0
13.0,17,4,1,0.0
13.0,17,4,1,0.0
13.0,17,4,1,0.0
13.0,17,4,1,0.0
13.0,17,4,1,0.0
13.0,17,4,1,0.0
13.0,17,4,1,0.0
13.0,17,4,1,0.0
13.0,17,4,1,0.0
13.0,17,4,1,0.0
13.0,17,4,1,0.0
13.0,17,4,1,0.0
13.0,17,4,1,0.0
13.0,17,4,1,0.0
13.0,17,4,1,0.0
13.0,17,4,1,0.0
13.0,17,4,1,0.0
13.0,17,4,1,0.0
13.0,17,4,1,0.0
13.0,17,4,1,0.0
13.0,17,4,1,0.0
13.0,17,4,1,0.0
13.0,17,4,1,0.0
13.0,17,4,1,0.0
13.0,17,4,1,0.0
13.0,17,4,1,0.0
13.0,17,4,1,0.0
13.0,17,4,1,0.0
13.0,17,4,1,0.0
13.0,17,4,1,0.0
13.0,17,4,1,0.0
13.0,17,4,1,0.0
13.0,17,4,1,0.0
13.0,17,4,1,0.0
13.0,17,4,1,0.0
13.0,17,4,1,0.0
13.0,17,4,1,0.0
13.0,17,4,1,0.0
155.0,17,4,1,0.0
154.0,17,4,1,0.0
146.0,17,4,1,0.0
146.0,17,4,1,0.0
144.0,17,4,1,0.0
13.0,17,4,1,0.0
13.0,17,4,1,0.0
13.0,17,4,1,0.0
13.0,17,4,1,0.0
13.0,17,4,1,0.0
13.0,17,4,1,0.0
13.0,17,4,1,0.0
13.0,17,4,1,0.0
13.0,17,4,1,0.0
13.0,17,4,1,0.0
13.0,17,4,1,0.0
13.0,17,4,1,0.0
13.0,17,4,1,0.0
13.0,17,4,1,0.0
13.0,17,4,1,0.0
13.0,17,4,1,0.0
13.0,17,4,1,0.0
13.0,17,4,1,0.0
13.0,17,4,1,0.0
13.0,17,4,1,0.0
13.0,17,4,1,0.0
13.0,17,4,1,0.0
13.0,17,4,1,0.0
13.0,17,4,1,0.0
13.0,17,4,1,0.0
13.0,17,4,1,0.0
13.0,17,4,1,0.0
13.0,17,4,1,0.0
13.0,17,4,1,0.0
13.0,17,4,1,0.0
13.0,17,4,1,0.0
13.0,17,4,1,0.0
13.0,17,4,1,0.0
13.0,17,4,1,0.0
13.0,17,4,1,0.0
13.0,17,4,1,0.0
13.0,17,4,1,0.0
13.0,17,4,1,0.0
13.0,17,4,1,0.0
13.0,17,4,1,0.0
13.0,17,4,1,0.0
13.0,17,4,1,0.0
13.0,17,4,1,0.0
13.0,17,4,1,0.0
13.0,17,4,1,0.0
13.0,17,4,1,0.0
13.0,17,4,1,0.0
13.0,17,4,1,0.0
13.0,17,4,1,0.0
13.0,17,4,1,0.0
166.0,17,4,1,0.0
152.0,17,4,1,0.0
147.0,17,4,1,0.0
146.0,17,4,1,0.0
146.0,17,4,1,0.0
13.0,17,4,1,0.0
13.0,17,4,1,0.0
13.0,17,4,1,0.0
13.0,17,4,1,0.0
13.0,17,4,1,0.0
13.0,17,4,1,0.0
13.0,17,4,1,0.0
13.0,17,4,1,0.0
13.0,17,4,1,0.0
13.0,17,4,1,0.0
13.0,17,4,1,0.0
13.0,17,4,1,0.0
13.0,17,4,1,0.0
13.0,17,4,1,0.0
13.0,17,4,1,0.0
13.0,17,4,1,0.0
13.0,17,4,1,0.0
13.0,17,4,1,0.0
13.0,17,4,1,0.0
13.0,17,4,1,0.0
13.0,17,4,1,0.0
13.0,17,4,1,0.0
13.0,17,4,1,0.0
13.0,17,4,1,0.0
13.0,17,4,1,0.0
13.0,17,4,1,0.0
13.0,17,4,1,0.0
13.0,17,4,1,0.0
13.0,17,4,1,0.0
13.0,17,4,1,0.0
13.0,17,4,1,0.0
13.0,17,4,1,0.0
13.0,17,4,1,0.0
13.0,17,4,1,0.0
13.0,17,4,1,0.0
13.0,17,4,1,0.0
13.0,17,4,1,0.0
13.0,17,4,1,0.0
13.0,17,4,1,0.0
13.0,17,4,1,0.0
13.0,17,4,1,0.0
13.0,17,4,1,0.0
13.0,17,4,1,0.0
13.0,17,4,1,0.0
841.0,17,4,1,0.0
15.0,17,4,1,0.0
15.0,17,4,1,0.0
15.0,17,4,1,0.0
15.0,17,4,1,0.0
15.0,17,4,1,0.0
169.0,17,4,1,0.0
192.0,17,4,1,0.0
149.0,17,4,1,0.0
15.0,17,4,1,0.0
15.0,17,4,1,0.0
15.0,17,4,1,0.0
15.0,17,4,1,0.0
15.0,17,4,1,0.0
15.0,17,4,1,0.0
15.0,17,4,1,0.0
15.0,17,4,1,0.0
15.0,17,4,1,0.0
806.0,17,4,1,0.0
15.0,17,4,1,0.0
15.0,17,4,1,0.0
15.0,17,4,1,0.0
15.0,17,4,1,0.0
15.0,17,4,1,0.0
15.0,17,4,1,0.0
15.0,17,4,1,0.0
15.0,17,4,1,0.0
35.0,17,4,1,0.0
15.0,17,4,1,0.0
36.0,17,4,1,0.0
36.0,17,4,1,0.0
35.0,17,4,1,0.0
15.0,17,4,1,0.0
15.0,17,4,1,0.0
36.0,17,4,1,0.0
15.0,17,4,1,0.0
15.0,17,4,1,0.0
35.0,17,4,1,0.0
32.0,17,4,1,0.0
15.0,17,4,1,0.0
35.0,17,4,1,0.0
35.0,17,4,1,0.0
35.0,17,4,1,0.0
35.0,17,4,1,0.0
35.0,17,4,1,0.0
15.0,17,4,1,0.0
15.0,17,4,1,0.0
15.0,17,4,1,0.0
35.0,17,4,1,0.0
36.0,17,4,1,0.0
36.0,17,4,1,0.0
53.0,17,4,1,0.0
15.0,17,4,1,0.0
15.0,17,4,1,0.0
35.0,17,4,1,0.0
823.0,17,4,1,0.0
174.0,17,4,1,0.0
174.0,17,4,1,0.0
148.0,17,4,1,0.0
148.0,17,4,1,0.0
35.0,17,4,1,0.0
35.0,17,4,1,0.0
15.0,17,4,1,0.0
35.0,17,4,1,0.0
35.0,17,4,1,0.0
15.0,17,4,1,0.0
15.0,17,4,1,0.0
35.0,17,4,1,0.0
842.0,17,4,1,0.0
15.0,17,4,1,0.0
35.0,17,4,1,0.0
35.0,17,4,1,0.0
15.0,17,4,1,0.0
15.0,17,4,1,0.0
35.0,17,4,1,0.0
35.0,17,4,1,0.0
15.0,17,4,1,0.0
15.0,17,4,1,0.0
15.0,17,4,1,0.0
15.0,17,4,1,0.0
15.0,17,4,1,0.0
35.0,17,4,1,0.0
824.0,17,4,1,0.0
15.0,17,4,1,0.0
35.0,17,4,1,0.0
15.0,17,4,1,0.0
15.0,17,4,1,0.0
35.0,17,4,1,0.0
35.0,17,4,1,0.0
15.0,17,4,1,0.0
15.0,17,4,1,0.0
35.0,17,4,1,0.0
15.0,17,4,1,0.0
15.0,17,4,1,0.0
35.0,17,4,1,0.0
271.0,17,4,1,0.0
15.0,17,4,1,0.0
35.0,17,4,1,0.0
35.0,17,4,1,0.0
15.0,17,4,1,0.0
15.0,17,4,1,0.0
35.0,17,4,1,0.0
15.0,17,4,1,0.0
15.0,17,4,1,0.0
17.0,17,4,1,0.0
34.0,17,4,1,0.0
33.0,17,4,1,0.0
33.0,17,4,1,0.0
34.0,17,4,1,0.0
13.0,17,4,1,0.0
13.0,17,4,1,0.0
33.0,17,4,1,0.0
147.0,17,4,1,0.0
147.0,17,4,1,0.0
146.0,17,4,1,0.0
146.0,17,4,1,0.0
13.0,17,4,1,0.0
13.0,17,4,1,0.0
13.0,17,4,1,0.0
13.0,17,4,1,0.0
19.0,17,4,1,0.0
19.0,17,4,1,0.0
13.0,17,4,1,0.0
13.0,17,4,1,0.0
33.0,17,4,1,0.0
13.0,17,4,1,0.0
13.0,17,4,1,0.0
13.0,17,4,1,0.0
13.0,17,4,1,0.0
13.0,17,4,1,0.0
33.0,17,4,1,0.0
33.0,17,4,1,0.0
13.0,17,4,1,0.0
13.0,17,4,1,0.0
13.0,17,4,1,0.0
13.0,17,4,1,0.0
13.0,17,4,1,0.0
34.0,17,4,1,0.0
13.0,17,4,1,0.0
13.0,17,4,1,0.0
3030.0,17,4,1,0.0
1230.0,17,4,1,0.0
1230.0,17,4,1,0.0
1231.0,17,4,1,0.0
1257.0,17,4,1,0.0
1250.0,17,4,1,0.0
1228.0,17,4,1,0.0
1239.0,17,4,1,0.0
1241.0,17,4,1,0.0
1241.0,17,4,1,0.0
1260.0,17,4,1,0.0
1239.0,17,4,1,0.0
1239.0,17,4,1,0.0
1236.0,17,4,1,0.0
1256.0,17,4,1,0.0
1231.0,17,4,1,0.0
1231.0,17,4,1,0.0
1258.0,17,4,1,0.0
1259.0,17,4,1,0.0
1231.0,17,4,1,0.0
1241.0,17,4,1,0.0
1237.0,17,4,1,0.0
1237.0,17,4,1,0.0
1238.0,17,4,1,0.0
1236.0,17,4,1,0.0
1236.0,17,4,1,0.0
1397.0,17,4,1,0.0
1397.0,17,4,1,0.0
1373.0,17,4,1,0.0
1373.0,17,4,1,0.0
1263.0,17,4,1,0.0
1260.0,17,4,1,0.0
1243.0,17,4,1,0.0
1248.0,17,4,1,0.0
1251.0,17,4,1,0.0
1249.0,17,4,1,0.0
1249.0,17,4,1,0.0
1268.0,17,4,1,0.0
1268.0,17,4,1,0.0
1232.0,17,4,1,0.0
1234.0,17,4,1,0.0
1258.0,17,4,1,0.0
1258.0,17,4,1,0.0
1258.0,17,4,1,0.0
1266.0,17,4,1,0.0
1247.0,17,4,1,0.0
1247.0,17,4,1,0.0
1247.0,17,4,1,0.0
1265.0,17,4,1,0.0
1264.0,17,4,1,0.0
1264.0,17,4,1,0.0
1242.0,17,4,1,0.0
1234.0,17,4,1,0.0
1252.0,17,4,1,0.0
1258.0,17,4,1,0.0
1238.0,17,4,1,0.0
1242.0,17,4,1,0.0
1242.0,17,4,1,0.0
1239.0,17,4,1,0.0
1247.0,17,4,1,0.0
1267.0,17,4,1,0.0
1245.0,17,4,1,0.0
1270.0,17,4,1,0.0
1270.0,17,4,1,0.0
1250.0,17,4,1,0.0
1274.0,17,4,1,0.0
1264.0,17,4,1,0.0
1244.0,17,4,1,0.0
1261.0,17,4,1,0.0
1261.0,17,4,1,0.0
1244.0,17,4,1,0.0
1250.0,17,4,1,0.0
1272.0,17,4,1,0.0
1269.0,17,4,1,0.0
1245.0,17,4,1,0.0
1259.0,17,4,1,0.0
1259.0,17,4,1,0.0
1239.0,17,4,1,0.0
1405.0,17,4,1,0.0
1399.0,17,4,1,0.0
1376.0,17,4,1,0.0
1375.0,17,4,1,0.0
1246.0,17,4,1,0.0
1246.0,17,4,1,0.0
1248.0,17,4,1,0.0
1268.0,17,4,1,0.0
1267.0,17,4,1,0.0
1246.0,17,4,1,0.0
1249.0,17,4,1,0.0
1249.0,17,4,1,0.0
1247.0,17,4,1,0.0
1264.0,17,4,1,0.0
1264.0,17,4,1,0.0
1236.0,17,4,1,0.0
1241.0,17,4,1,0.0
1227.0,17,4,1,0.0
1227.0,17,4,1,0.0
1254.0,17,4,1,0.0
1262.0,17,4,1,0.0
1242.0,17,4,1,0.0
1256.0,17,4,1,0.0
1256.0,17,4,1,0.0
1233.0,17,4,1,0.0
1233.0,17,4,1,0.0
1231.0,17,4,1,0.0
1257.0,17,4,1,0.0
1242.0,17,4,1,0.0
1249.0,17,4,1,0.0
1274.0,17,4,1,0.0
1237.0,17,4,1,0.0
1237.0,17,4,1,0.0
1257.0,17,4,1,0.0
1260.0,17,4,1,0.0
1251.0,17,4,1,0.0
1251.0,17,4,1,0.0
1246.0,17,4,1,0.0
1264.0,17,4,1,0.0
1264.0,17,4,1,0.0
1264.0,17,4,1,0.0
1239.0,17,4,1,0.0
1235.0,17,4,1,0.0
1259.0,17,4,1,0.0
1264.0,17,4,1,0.0
1257.0,17,4,1,0.0
1257.0,17,4,1,0.0
1257.0,17,4,1,0.0
1243.0,17,4,1,0.0
1243.0,17,4,1,0.0
1263.0,17,4,1,0.0
1263.0,17,4,1,0.0
1403.0,17,4,1,0.0
1403.0,17,4,1,0.0
1405.0,17,4,1,0.0
1382.0,17,4,1,0.0
1398.0,17,4,1,0.0
1266.0,17,4,1,0.0
1265.0,17,4,1,0.0
1265.0,17,4,1,0.0
1263.0,17,4,1,0.0
1241.0,17,4,1,0.0
1241.0,17,4,1,0.0
1264.0,17,4,1,0.0
1269.0,17,4,1,0.0
1246.0,17,4,1,0.0
1270.0,17,4,1,0.0
1270.0,17,4,1,0.0
1251.0,17,4,1,0.0
1248.0,17,4,1,0.0
1252.0,17,4,1,0.0
1273.0,17,4,1,0.0
1251.0,17,4,1,0.0
1271.0,17,4,1,0.0
1271.0,17,4,1,0.0
1247.0,17,4,1,0.0
1247.0,17,4,1,0.0
1269.0,17,4,1,0.0
1265.0,17,4,1,0.0
1248.0,17,4,1,0.0
1237.0,17,4,1,0.0
1243.0,17,4,1,0.0
1243.0,17,4,1,0.0
1247.0,17,4,1,0.0
1269.0,17,4,1,0.0
1268.0,17,4,1,0.0
13.0,17,4,1,0.0
13.0,17,4,1,0.0
13.0,17,4,1,0.0
13.0,17,4,1,0.0
14.0,17,4,1,0.0
34.0,17,4,1,0.0
13.0,17,4,1,0.0
13.0,17,4,1,0.0
13.0,17,4,1,0.0
13.0,17,4,1,0.0
13.0,17,4,1,0.0
34.0,17,4,1,0.0
34.0,17,4,1,0.0
13.0,17,4,1,0.0
13.0,17,4,1,0.0
13.0,17,4,1,0.0
13.0,17,4,1,0.0
13.0,17,4,1,0.0
34.0,17,4,1,0.0
165.0,17,4,1,0.0
154.0,17,4,1,0.0
147.0,17,4,1,0.0
147.0,17,4,1,0.0
167.0,17,4,1,0.0
34.0,17,4,1,0.0
13.0,17,4,1,0.0
13.0,17,4,1,0.0
34.0,17,4,1,0.0
13.0,17,4,1,0.0
13.0,17,4,1,0.0
34.0,17,4,1,0.0
34.0,17,4,1,0.0
13.0,17,4,1,0.0
13.0,17,4,1,0.0
34.0,17,4,1,0.0
13.0,17,4,1,0.0
13.0,17,4,1,0.0
34.0,17,4,1,0.0
34.0,17,4,1,0.0
13.0,17,4,1,0.0
15.0,17,4,1,0.0
34.0,17,4,1,0.0
34.0,17,4,1,0.0
34.0,17,4,1,0.0
13.0,17,4,1,0.0
13.0,17,4,1,0.0
34.0,17,4,1,0.0
34.0,17,4,1,0.0
34.0,17,4,1,0.0
34.0,17,4,1,0.0
34.0,17,4,1,0.0
13.0,17,4,1,0.0
13.0,17,4,1,0.0
34.0,17,4,1,0.0
34.0,17,4,1,0.0
34.0,17,4,1,0.0
34.0,17,4,1,0.0
29.0,17,4,1,0.0
13.0,17,4,1,0.0
34.0,17,4,1,0.0
34.0,17,4,1,0.0
13.0,17,4,1,0.0
34.0,17,4,1,0.0
34.0,17,4,1,0.0
13.0,17,4,1,0.0
13.0,17,4,1,0.0
34.0,17,4,1,0.0
34.0,17,4,1,0.0
35.0,17,4,1,0.0
35.0,17,4,1,0.0
167.0,17,4,1,0.0
150.0,17,4,1,0.0
169.0,17,4,1,0.0
169.0,17,4,1,0.0
147.0,17,4,1,0.0
13.0,17,4,1,0.0
13.0,17,4,1,0.0
13.0,17,4,1,0.0
35.0,17,4,1,0.0
35.0,17,4,1,0.0
13.0,17,4,1,0.0
13.0,17,4,1,0.0
13.0,17,4,1,0.0
13.0,17,4,1,0.0
35.0,17,4,1,0.0
35.0,17,4,1,0.0
13.0,17,4,1,0.0
13.0,17,4,1,0.0
13.0,17,4,1,0.0
13.0,17,4,1,0.0
35.0,17,4,1,0.0
35.0,17,4,1,0.0
14.0,17,4,1,0.0
13.0,17,4,1,0.0
35.0,17,4,1,0.0
13.0,17,4,1,0.0
13.0,17,4,1,0.0
13.0,17,4,1,0.0
35.0,17,4,1,0.0
13.0,17,4,1,0.0
13.0,17,4,1,0.0
35.0,17,4,1,0.0
13.0,17,4,1,0.0
13.0,17,4,1,0.0
34.0,17,4,1,0.0
34.0,17,4,1,0.0
34.0,17,4,1,0.0
13.0,17,4,1,0.0
13.0,17,4,1,0.0
34.0,17,4,1,0.0
26.0,17,4,1,0.0
26.0,17,4,1,0.0
34.0,17,4,1,0.0
13.0,17,4,1,0.0
13.0,17,4,1,0.0
34.0,17,4,1,0.0
34.0,17,4,1,0.0
34.0,17,4,1,0.0
34.0,17,4,1,0.0
19.0,17,4,1,0.0
13.0,17,4,1,0.0
13.0,17,4,1,0.0
34.0,17,4,1,0.0
837.0,17,4,1,0.0
169.0,17,4,1,0.0
169.0,17,4,1,0.0
169.0,17,4,1,0.0
147.0,17,4,1,0.0
13.0,17,4,1,0.0
34.0,17,4,1,0.0
34.0,17,4,1,0.0
34.0,17,4,1,0.0
13.0,17,4,1,0.0
13.0,17,4,1,0.0
34.0,17,4,1,0.0
34.0,17,4,1,0.0
34.0,17,4,1,0.0
34.0,17,4,1,0.0
34.0,17,4,1,0.0
13.0,17,4,1,0.0
13.0,17,4,1,0.0
34.0,17,4,1,0.0
34.0,17,4,1,0.0
34.0,17,4,1,0.0
34.0,17,4,1,0.0
33.0,17,4,1,0.0
13.0,17,4,1,0.0
34.0,17,4,1,0.0
34.0,17,4,1,0.0
13.0,17,4,1,0.0
13.0,17,4,1,0.0
13.0,17,4,1,0.0
13.0,17,4,1,0.0
13.0,17,4,1,0.0
34.0,17,4,1,0.0
34.0,17,4,1,0.0
11.0,19,4,1,0.0
11.0,19,4,1,0.0
12.0,19,4,1,0.0
11.0,19,4,1,0.0
11.0,19,4,1,0.0
11.0,19,4,1,0.0
11.0,19,4,1,0.0
11.0,19,4,1,0.0
12.0,19,4,1,0.0
12.0,19,4,1,0.0
11.0,19,4,1,0.0
11.0,19,4,1,0.0
11.0,19,4,1,0.0
11.0,19,4,1,0.0
11.0,19,4,1,0.0
11.0,19,4,1,0.0
11.0,19,4,1,0.0
11.0,19,4,1,0.0
11.0,19,4,1,0.0
11.0,19,4,1,0.0
152.0,19,4,1,0.0
152.0,19,4,1,0.0
145.0,19,4,1,0.0
145.0,19,4,1,0.0
143.0,19,4,1,0.0
11.0,19,4,1,0.0
11.0,19,4,1,0.0
11.0,19,4,1,0.0
11.0,19,4,1,0.0
11.0,19,4,1,0.0
11.0,19,4,1,0.0
11.0,19,4,1,0.0
11.0,19,4,1,0.0
11.0,19,4,1,0.0
11.0,19,4,1,0.0
11.0,19,4,1,0.0
11.0,19,4,1,0.0
11.0,19,4,1,0.0
11.0,19,4,1,0.0
11.0,19,4,1,0.0
11.0,19,4,1,0.0
11.0,19,4,1,0.0
11.0,19,4,1,0.0
11.0,19,4,1,0.0
11.0,19,4,1,0.0
11.0,19,4,1,0.0
11.0,19,4,1,0.0
11.0,19,4,1,0.0
11.0,19,4,1,0.0
11.0,19,4,1,0.0
11.0,19,4,1,0.0
11.0,19,4,1,0.0
11.0,19,4,1,0.0
11.0,19,4,1,0.0
11.0,19,4,1,0.0
11.0,19,4,1,0.0
11.0,19,4,1,0.0
11.0,19,4,1,0.0
11.0,19,4,1,0.0
11.0,19,4,1,0.0
11.0,19,4,1,0.0
11.0,19,4,1,0.0
11.0,19,4,1,0.0
11.0,19,4,1,0.0
11.0,19,4,1,0.0
11.0,19,4,1,0.0
11.0,19,4,1,0.0
11.0,19,4,1,0.0
11.0,19,4,1,0.0
11.0,19,4,1,0.0
11.0,19,4,1,0.0
11.0,19,4,1,0.0
11.0,19,4,1,0.0
11.0,19,4,1,0.0
11.0,19,4,1,0.0
11.0,19,4,1,0.0
145.0,19,4,1,0.0
145.0,19,4,1,0.0
144.0,19,4,1,0.0
144.0,19,4,1,0.0
142.0,19,4,1,0.0
11.0,19,4,1,0.0
11.0,19,4,1,0.0
11.0,19,4,1,0.0
11.0,19,4,1,0.0
11.0,19,4,1,0.0
11.0,19,4,1,0.0
11.0,19,4,1,0.0
11.0,19,4,1,0.0
11.0,19,4,1,0.0
11.0,19,4,1,0.0
11.0,19,4,1,0.0
11.0,19,4,1,0.0
11.0,19,4,1,0.0
11.0,19,4,1,0.0
11.0,19,4,1,0.0
11.0,19,4,1,0.0
11.0,19,4,1,0.0
11.0,19,4,1,0.0
11.0,19,4,1,0.0
11.0,19,4,1,0.0
11.0,19,4,1,0.0
11.0,19,4,1,0.0
11.0,19,4,1,0.0
11.0,19,4,1,0.0
11.0,19,4,1,0.0
11.0,19,4,1,0.0
11.0,19,4,1,0.0
11.0,19,4,1,0.0
11.0,19,4,1,0.0
11.0,19,4,1,0.0
11.0,19,4,1,0.0
11.0,19,4,1,0.0
11.0,19,4,1,0.0
11.0,19,4,1,0.0
11.0,19,4,1,0.0
11.0,19,4,1,0.0
11.0,19,4,1,0.0
11.0,19,4,1,0.0
11.0,19,4,1,0.0
11.0,19,4,1,0.0
11.0,19,4,1,0.0
11.0,19,4,1,0.0
11.0,19,4,1,0.0
11.0,19,4,1,0.0
11.0,19,4,1,0.0
11.0,19,4,1,0.0
11.0,19,4,1,0.0
11.0,19,4,1,0.0
11.0,19,4,1,0.0
11.0,19,4,1,0.0
11.0,19,4,1,0.0
11.0,19,4,1,0.0
157.0,19,4,1,0.0
145.0,19,4,1,0.0
144.0,19,4,1,0.0
144.0,19,4,1,0.0
143.0,19,4,1,0.0
11.0,19,4,1,0.0
11.0,19,4,1,0.0
11.0,19,4,1,0.0
11.0,19,4,1,0.0
11.0,19,4,1,0.0
11.0,19,4,1,0.0
11.0,19,4,1,0.0
11.0,19,4,1,0.0
11.0,19,4,1,0.0
11.0,19,4,1,0.0
11.0,19,4,1,0.0
11.0,19,4,1,0.0
11.0,19,4,1,0.0
11.0,19,4,1,0.0
11.0,19,4,1,0.0
11.0,19,4,1,0.0
11.0,19,4,1,0.0
11.0,19,4,1,0.0
11.0,19,4,1,0.0
11.0,19,4,1,0.0
11.0,19,4,1,0.0
11.0,19,4,1,0.0
11.0,19,4,1,0.0
11.0,19,4,1,0.0
11.0,19,4,1,0.0
11.0,19,4,1,0.0
11.0,19,4,1,0.0
11.0,19,4,1,0.0
11.0,19,4,1,0.0
11.0,19,4,1,0.0
11.0,19,4,1,0.0
11.0,19,4,1,0.0
11.0,19,4,1,0.0
11.0,19,4,1,0.0
11.0,19,4,1,0.0
11.0,19,4,1,0.0
11.0,19,4,1,0.0
11.0,19,4,1,0.0
11.0,19,4,1,0.0
11.0,19,4,1,0.0
11.0,19,4,1,0.0
11.0,19,4,1,0.0
11.0,19,4,1,0.0
11.0,19,4,1,0.0
11.0,19,4,1,0.0
11.0,19,4,1,0.0
11.0,19,4,1,0.0
11.0,19,4,1,0.0
11.0,19,4,1,0.0
11.0,19,4,1,0.0
162.0,19,4,1,0.0
149.0,19,4,1,0.0
144.0,19,4,1,0.0
144.0,19,4,1,0.0
143.0,19,4,1,0.0
11.0,19,4,1,0.0
11.0,19,4,1,0.0
11.0,19,4,1,0.0
11.0,19,4,1,0.0
11.0,19,4,1,0.0
11.0,19,4,1,0.0
11.0,19,4,1,0.0
11.0,19,4,1,0.0
11.0,19,4,1,0.0
11.0,19,4,1,0.0
11.0,19,4,1,0.0
11.0,19,4,1,0.0
11.0,19,4,1,0.0
11.0,19,4,1,0.0
11.0,19,4,1,0.0
11.0,19,4,1,0.0
11.0,19,4,1,0.0
11.0,19,4,1,0.0
11.0,19,4,1,0.0
11.0,19,4,1,0.0
11.0,19,4,1,0.0
11.0,19,4,1,0.0
11.0,19,4,1,0.0
11.0,19,4,1,0.0
11.0,19,4,1,0.0
11.0,19,4,1,0.0
11.0,19,4,1,0.0
11.0,19,4,1,0.0
11.0,19,4,1,0.0
11.0,19,4,1,0.0
11.0,19,4,1,0.0
11.0,19,4,1,0.0
11.0,19,4,1,0.0
11.0,19,4,1,0.0
11.0,19,4,1,0.0
11.0,19,4,1,0.0
11.0,19,4,1,0.0
11.0,19,4,1,0.0
11.0,19,4,1,0.0
11.0,19,4,1,0.0
11.0,19,4,1,0.0
11.0,19,4,1,0.0
11.0,19,4,1,0.0
11.0,19,4,1,0.0
11.0,19,4,1,0.0
11.0,19,4,1,0.0
11.0,19,4,1,0.0
11.0,19,4,1,0.0
11.0,19,4,1,0.0
11.0,19,4,1,0.0
11.0,19,4,1,0.0
11.0,19,4,1,0.0
11.0,19,4,1,0.0
11.0,19,4,1,0.0
162.0,19,4,1,0.0
145.0,19,4,1,0.0
11.0,19,4,1,0.0
11.0,19,4,1,0.0
11.0,19,4,1,0.0
11.0,19,4,1,0.0
11.0,19,4,1,0.0
11.0,19,4,1,0.0
11.0,19,4,1,0.0
11.0,19,4,1,0.0
11.0,19,4,1,0.0
11.0,19,4,1,0.0
11.0,19,4,1,0.0
11.0,19,4,1,0.0
11.0,19,4,1,0.0
11.0,19,4,1,0.0
11.0,19,4,1,0.0
11.0,19,4,1,0.0
11.0,19,4,1,0.0
11.0,19,4,1,0.0
11.0,19,4,1,0.0
11.0,19,4,1,0.0
11.0,19,4,1,0.0
11.0,19,4,1,0.0
11.0,19,4,1,0.0
11.0,19,4,1,0.0
11.0,19,4,1,0.0
11.0,19,4,1,0.0
11.0,19,4,1,0.0
11.0,19,4,1,0.0
11.0,19,4,1,0.0
11.0,19,4,1,0.0
11.0,19,4,1,0.0
11.0,19,4,1,0.0
11.0,19,4,1,0.0
11.0,19,4,1,0.0
11.0,19,4,1,0.0
11.0,19,4,1,0.0
11.0,19,4,1,0.0
11.0,19,4,1,0.0
11.0,19,4,1,0.0
11.0,19,4,1,0.0
11.0,19,4,1,0.0
11.0,19,4,1,0.0
11.0,19,4,1,0.0
11.0,19,4,1,0.0
11.0,19,4,1,0.0
11.0,19,4,1,0.0
11.0,19,4,1,0.0
11.0,19,4,1,0.0
11.0,19,4,1,0.0
11.0,19,4,1,0.0
11.0,19,4,1,0.0
11.0,19,4,1,0.0
11.0,19,4,1,0.0
11.0,19,4,1,0.0
157.0,19,4,1,0.0
150.0,19,4,1,0.0
143.0,19,4,1,0.0
143.0,19,4,1,0.0
141.0,19,4,1,0.0
11.0,19,4,1,0.0
11.0,19,4,1,0.0
11.0,19,4,1,0.0
11.0,19,4,1,0.0
11.0,19,4,1,0.0
11.0,19,4,1,0.0
11.0,19,4,1,0.0
11.0,19,4,1,0.0
11.0,19,4,1,0.0
11.0,19,4,1,0.0
11.0,19,4,1,0.0
11.0,19,4,1,0.0
11.0,19,4,1,0.0
11.0,19,4,1,0.0
11.0,19,4,1,0.0
11.0,19,4,1,0.0
11.0,19,4,1,0.0
11.0,19,4,1,0.0
11.0,19,4,1,0.0
11.0,19,4,1,0.0
11.0,19,4,1,0.0
11.0,19,4,1,0.0
11.0,19,4,1,0.0
11.0,19,4,1,0.0
11.0,19,4,1,0.0
11.0,19,4,1,0.0
11.0,19,4,1,0.0
11.0,19,4,1,0.0
11.0,19,4,1,0.0
11.0,19,4,1,0.0
11.0,19,4,1,0.0
11.0,19,4,1,0.0
11.0,19,4,1,0.0
11.0,19,4,1,0.0
11.0,19,4,1,0.0
11.0,19,4,1,0.0
11.0,19,4,1,0.0
11.0,19,4,1,0.0
11.0,19,4,1,0.0
11.0,19,4,1,0.0
11.0,19,4,1,0.0
11.0,19,4,1,0.0
11.0,19,4,1,0.0
11.0,19,4,1,0.0
11.0,19,4,1,0.0
11.0,19,4,1,0.0
11.0,19,4,1,0.0
11.0,19,4,1,0.0
11.0,19,4,1,0.0
11.0,19,4,1,0.0
11.0,19,4,1,0.0
11.0,19,4,1,0.0
11.0,19,4,1,0.0
145.0,19,4,1,0.0
145.0,19,4,1,0.0
142.0,19,4,1,0.0
146.0,19,4,1,0.0
145.0,19,4,1,0.0
15.0,19,4,1,0.0
15.0,19,4,1,0.0
14.0,19,4,1,0.0
14.0,19,4,1,0.0
14.0,19,4,1,0.0
14.0,19,4,1,0.0
14.0,19,4,1,0.0
15.0,19,4,1,0.0
15.0,19,4,1,0.0
14.0,19,4,1,0.0
14.0,19,4,1,0.0
14.0,19,4,1,0.0
15.0,19,4,1,0.0
15.0,19,4,1,0.0
14.0,19,4,1,0.0
14.0,19,4,1,0.0
14.0,19,4,1,0.0
14.0,19,4,1,0.0
14.0,19,4,1,0.0
14.0,19,4,1,0.0
14.0,19,4,1,0.0
14.0,19,4,1,0.0
14.0,19,4,1,0.0
14.0,19,4,1,0.0
14.0,19,4,1,0.0
14.0,19,4,1,0.0
14.0,19,4,1,0.0
14.0,19,4,1,0.0
14.0,19,4,1,0.0
14.0,19,4,1,0.0
14.0,19,4,1,0.0
14.0,19,4,1,0.0
14.0,19,4,1,0.0
14.0,19,4,1,0.0
14.0,19,4,1,0.0
14.0,19,4,1,0.0
14.0,19,4,1,0.0
14.0,19,4,1,0.0
14.0,19,4,1,0.0
14.0,19,4,1,0.0
14.0,19,4,1,0.0
14.0,19,4,1,0.0
14.0,19,4,1,0.0
14.0,19,4,1,0.0
14.0,19,4,1,0.0
14.0,19,4,1,0.0
14.0,19,4,1,0.0
14.0,19,4,1,0.0
14.0,19,4,1,0.0
14.0,19,4,1,0.0
14.0,19,4,1,0.0
14.0,19,4,1,0.0
14.0,19,4,1,0.0
165.0,19,4,1,0.0
151.0,19,4,1,0.0
146.0,19,4,1,0.0
14.0,19,4,1,0.0
14.0,19,4,1,0.0
14.0,19,4,1,0.0
14.0,19,4,1,0.0
14.0,19,4,1,0.0
14.0,19,4,1,0.0
14.0,19,4,1,0.0
14.0,19,4,1,0.0
14.0,19,4,1,0.0
14.0,19,4,1,0.0
14.0,19,4,1,0.0
14.0,19,4,1,0.0
14.0,19,4,1,0.0
14.0,19,4,1,0.0
14.0,19,4,1,0.0
14.0,19,4,1,0.0
14.0,19,4,1,0.0
14.0,19,4,1,0.0
14.0,19,4,1,0.0
14.0,19,4,1,0.0
14.0,19,4,1,0.0
14.0,19,4,1,0.0
14.0,19,4,1,0.0
14.0,19,4,1,0.0
15.0,19,4,1,0.0
14.0,19,4,1,0.0
14.0,19,4,1,0.0
14.0,19,4,1,0.0
14.0,19,4,1,0.0
14.0,19,4,1,0.0
14.0,19,4,1,0.0
14.0,19,4,1,0.0
15.0,19,4,1,0.0
14.0,19,4,1,0.0
14.0,19,4,1,0.0
14.0,19,4,1,0.0
14.0,19,4,1,0.0
14.0,19,4,1,0.0
14.0,19,4,1,0.0
14.0,19,4,1,0.0
14.0,19,4,1,0.0
14.0,19,4,1,0.0
14.0,19,4,1,0.0
14.0,19,4,1,0.0
14.0,19,4,1,0.0
14.0,19,4,1,0.0
14.0,19,4,1,0.0
14.0,19,4,1,0.0
14.0,19,4,1,0.0
14.0,19,4,1,0.0
14.0,19,4,1,0.0
14.0,19,4,1,0.0
14.0,19,4,1,0.0
14.0,19,4,1,0.0
161.0,19,4,1,0.0
147.0,19,4,1,0.0
147.0,19,4,1,0.0
147.0,19,4,1,0.0
145.0,19,4,1,0.0
15.0,19,4,1,0.0
15.0,19,4,1,0.0
15.0,19,4,1,0.0
15.0,19,4,1,0.0
14.0,19,4,1,0.0
15.0,19,4,1,0.0
15.0,19,4,1,0.0
15.0,19,4,1,0.0
15.0,19,4,1,0.0
15.0,19,4,1,0.0
15.0,19,4,1,0.0
15.0,19,4,1,0.0
15.0,19,4,1,0.0
15.0,19,4,1,0.0
15.0,19,4,1,0.0
14.0,19,4,1,0.0
14.0,19,4,1,0.0
14.0,19,4,1,0.0
14.0,19,4,1,0.0
14.0,19,4,1,0.0
14.0,19,4,1,0.0
15.0,19,4,1,0.0
14.0,19,4,1,0.0
14.0,19,4,1,0.0
14.0,19,4,1,0.0
14.0,19,4,1,0.0
14.0,19,4,1,0.0
14.0,19,4,1,0.0
15.0,19,4,1,0.0
15.0,19,4,1,0.0
15.0,19,4,1,0.0
15.0,19,4,1,0.0
14.0,19,4,1,0.0
14.0,19,4,1,0.0
14.0,19,4,1,0.0
149.0,19,4,1,0.0
149.0,19,4,1,0.0
147.0,19,4,1,0.0
147.0,19,4,1,0.0
14.0,19,4,1,0.0
14.0,19,4,1,0.0
14.0,19,4,1,0.0
14.0,19,4,1,0.0
14.0,19,4,1,0.0
14.0,19,4,1,0.0
14.0,19,4,1,0.0
14.0,19,4,1,0.0
14.0,19,4,1,0.0
14.0,19,4,1,0.0
14.0,19,4,1,0.0
14.0,19,4,1,0.0
14.0,19,4,1,0.0
14.0,19,4,1,0.0
14.0,19,4,1,0.0
14.0,19,4,1,0.0
14.0,19,4,1,0.0
14.0,19,4,1,0.0
14.0,19,4,1,0.0
14.0,19,4,1,0.0
15.0,19,4,1,0.0
15.0,19,4,1,0.0
14.0,19,4,1,0.0
14.0,19,4,1,0.0
14.0,19,4,1,0.0
14.0,19,4,1,0.0
14.0,19,4,1,0.0
14.0,19,4,1,0.0
14.0,19,4,1,0.0
14.0,19,4,1,0.0
14.0,19,4,1,0.0
14.0,19,4,1,0.0
14.0,19,4,1,0.0
14.0,19,4,1,0.0
15.0,19,4,1,0.0
15.0,19,4,1,0.0
14.0,19,4,1,0.0
14.0,19,4,1,0.0
14.0,19,4,1,0.0
14.0,19,4,1,0.0
14.0,19,4,1,0.0
14.0,19,4,1,0.0
14.0,19,4,1,0.0
14.0,19,4,1,0.0
14.0,19,4,1,0.0
14.0,19,4,1,0.0
14.0,19,4,1,0.0
148.0,19,4,1,0.0
148.0,19,4,1,0.0
148.0,19,4,1,0.0
147.0,19,4,1,0.0
14.0,19,4,1,0.0
14.0,19,4,1,0.0
14.0,19,4,1,0.0
14.0,19,4,1,0.0
14.0,19,4,1,0.0
14.0,19,4,1,0.0
14.0,19,4,1,0.0
14.0,19,4,1,0.0
14.0,19,4,1,0.0
14.0,19,4,1,0.0
14.0,19,4,1,0.0
14.0,19,4,1,0.0
14.0,19,4,1,0.0
14.0,19,4,1,0.0
14.0,19,4,1,0.0
14.0,19,4,1,0.0
14.0,19,4,1,0.0
14.0,19,4,1,0.0
14.0,19,4,1,0.0
14.0,19,4,1,0.0
14.0,19,4,1,0.0
14.0,19,4,1,0.0
14.0,19,4,1,0.0
14.0,19,4,1,0.0
14.0,19,4,1,0.0
14.0,19,4,1,0.0
14.0,19,4,1,0.0
14.0,19,4,1,0.0
14.0,19,4,1,0.0
14.0,19,4,1,0.0
14.0,19,4,1,0.0
14.0,19,4,1,0.0
14.0,19,4,1,0.0
14.0,19,4,1,0.0
14.0,19,4,1,0.0
14.0,19,4,1,0.0
14.0,19,4,1,0.0
14.0,19,4,1,0.0
14.0,19,4,1,0.0
14.0,19,4,1,0.0
14.0,19,4,1,0.0
14.0,19,4,1,0.0
14.0,19,4,1,0.0
14.0,19,4,1,0.0
14.0,19,4,1,0.0
14.0,19,4,1,0.0
14.0,19,4,1,0.0
14.0,19,4,1,0.0
167.0,19,4,1,0.0
167.0,19,4,1,0.0
148.0,19,4,1,0.0
148.0,19,4,1,0.0
147.0,19,4,1,0.0
14.0,19,4,1,0.0
14.0,19,4,1,0.0
14.0,19,4,1,0.0
14.0,19,4,1,0.0
14.0,19,4,1,0.0
14.0,19,4,1,0.0
14.0,19,4,1,0.0
14.0,19,4,1,0.0
14.0,19,4,1,0.0
14.0,19,4,1,0.0
14.0,19,4,1,0.0
14.0,19,4,1,0.0
14.0,19,4,1,0.0
14.0,19,4,1,0.0
14.0,19,4,1,0.0
14.0,19,4,1,0.0
14.0,19,4,1,0.0
14.0,19,4,1,0.0
14.0,19,4,1,0.0
14.0,19,4,1,0.0
14.0,19,4,1,0.0
14.0,19,4,1,0.0
14.0,19,4,1,0.0
14.0,19,4,1,0.0
14.0,19,4,1,0.0
14.0,19,4,1,0.0
14.0,19,4,1,0.0
14.0,19,4,1,0.0
14.0,19,4,1,0.0
14.0,19,4,1,0.0
14.0,19,4,1,0.0
14.0,19,4,1,0.0
14.0,19,4,1,0.0
14.0,19,4,1,0.0
14.0,19,4,1,0.0
14.0,19,4,1,0.0
14.0,19,4,1,0.0
14.0,19,4,1,0.0
14.0,19,4,1,0.0
14.0,19,4,1,0.0
14.0,19,4,1,0.0
14.0,19,4,1,0.0
14.0,19,4,1,0.0
14.0,19,4,1,0.0
14.0,19,4,1,0.0
14.0,19,4,1,0.0
14.0,19,4,1,0.0
14.0,19,4,1,0.0
14.0,19,4,1,0.0
14.0,19,4,1,0.0
164.0,19,4,1,0.0
156.0,19,4,1,0.0
150.0,19,4,1,0.0
150.0,19,4,1,0.0
14.0,19,4,1,0.0
14.0,19,4,1,0.0
14.0,19,4,1,0.0
14.0,19,4,1,0.0
14.0,19,4,1,0.0
14.0,19,4,1,0.0
15.0,19,4,1,0.0
15.0,19,4,1,0.0
15.0,19,4,1,0.0
15.0,19,4,1,0.0
15.0,19,4,1,0.0
15.0,19,4,1,0.0
14.0,19,4,1,0.0
14.0,19,4,1,0.0
15.0,19,4,1,0.0
15.0,19,4,1,0.0
15.0,19,4,1,0.0
15.0,19,4,1,0.0
15.0,19,4,1,0.0
15.0,19,4,1,0.0
15.0,19,4,1,0.0
15.0,19,4,1,0.0
15.0,19,4,1,0.0
15.0,19,4,1,0.0
15.0,19,4,1,0.0
14.0,19,4,1,0.0
15.0,19,4,1,0.0
15.0,19,4,1,0.0
14.0,19,4,1,0.0
14.0,19,4,1,0.0
14.0,19,4,1,0.0
14.0,19,4,1,0.0
15.0,19,4,1,0.0
15.0,19,4,1,0.0
15.0,19,4,1,0.0
15.0,19,4,1,0.0
14.0,19,4,1,0.0
15.0,19,4,1,0.0
14.0,19,4,1,0.0
15.0,19,4,1,0.0
15.0,19,4,1,0.0
15.0,19,4,1,0.0
15.0,19,4,1,0.0
14.0,19,4,1,0.0
14.0,19,4,1,0.0
15.0,19,4,1,0.0
15.0,19,4,1,0.0
151.0,19,4,1,0.0
151.0,19,4,1,0.0
151.0,19,4,1,0.0
150.0,19,4,1,0.0
14.0,19,4,1,0.0
15.0,19,4,1,0.0
15.0,19,4,1,0.0
15.0,19,4,1,0.0
15.0,19,4,1,0.0
15.0,19,4,1,0.0
15.0,19,4,1,0.0
14.0,19,4,1,0.0
14.0,19,4,1,0.0
14.0,19,4,1,0.0
15.0,19,4,1,0.0
14.0,19,4,1,0.0
15.0,19,4,1,0.0
15.0,19,4,1,0.0
15.0,19,4,1,0.0
15.0,19,4,1,0.0
15.0,19,4,1,0.0
15.0,19,4,1,0.0
14.0,19,4,1,0.0
15.0,19,4,1,0.0
15.0,19,4,1,0.0
15.0,19,4,1,0.0
15.0,19,4,1,0.0
15.0,19,4,1,0.0
15.0,19,4,1,0.0
15.0,19,4,1,0.0
15.0,19,4,1,0.0
15.0,19,4,1,0.0
15.0,19,4,1,0.0
15.0,19,4,1,0.0
15.0,19,4,1,0.0
15.0,19,4,1,0.0
15.0,19,4,1,0.0
14.0,19,4,1,0.0
15.0,19,4,1,0.0
14.0,19,4,1,0.0
15.0,19,4,1,0.0
15.0,19,4,1,0.0
15.0,19,4,1,0.0
14.0,19,4,1,0.0
14.0,19,4,1,0.0
15.0,19,4,1,0.0
15.0,19,4,1,0.0
15.0,19,4,1,0.0
15.0,19,4,1,0.0
14.0,19,4,1,0.0
165.0,19,4,1,0.0
153.0,19,4,1,0.0
152.0,19,4,1,0.0
151.0,19,4,1,0.0
15.0,19,4,1,0.0
15.0,19,4,1,0.0
15.0,19,4,1,0.0
14.0,19,4,1,0.0
14.0,19,4,1,0.0
14.0,19,4,1,0.0
14.0,19,4,1,0.0
14.0,19,4,1,0.0
14.0,19,4,1,0.0
15.0,19,4,1,0.0
14.0,19,4,1,0.0
14.0,19,4,1,0.0
15.0,19,4,1,0.0
15.0,19,4,1,0.0
15.0,19,4,1,0.0
15.0,19,4,1,0.0
14.0,19,4,1,0.0
14.0,19,4,1,0.0
15.0,19,4,1,0.0
15.0,19,4,1,0.0
15.0,19,4,1,0.0
15.0,19,4,1,0.0
14.0,19,4,1,0.0
14.0,19,4,1,0.0
14.0,19,4,1,0.0
15.0,19,4,1,0.0
14.0,19,4,1,0.0
14.0,19,4,1,0.0
15.0,19,4,1,0.0
16.0,19,4,1,140.0
31.0,19,4,1,348.0
31.0,19,4,1,871.0
31.0,19,4,1,871.0
1026.0,19,4,1,14.0
1026.0,19,4,1,14.0
1018.0,19,4,1,14.0
1006.0,19,4,1,0.0
1004.9999999999999,19,4,1,0.0
1004.0,19,4,1,0.0
1004.0,19,4,1,0.0
15.0,19,4,1,0.0
15.0,19,4,1,0.0
15.0,19,4,1,0.0
15.0,19,4,1,0.0
15.0,19,4,1,0.0
15.0,19,4,1,0.0
151.0,19,4,1,0.0
151.0,19,4,1,0.0
150.0,19,4,1,0.0
15.0,19,4,1,0.0
15.0,19,4,1,0.0
15.0,19,4,1,0.0
15.0,19,4,1,0.0
15.0,19,4,1,0.0
15.0,19,4,1,0.0
15.0,19,4,1,0.0
15.0,19,4,1,0.0
15.0,19,4,1,0.0
15.0,19,4,1,0.0
15.0,19,4,1,0.0
15.0,19,4,1,0.0
15.0,19,4,1,0.0
15.0,19,4,1,0.0
15.0,19,4,1,0.0
15.0,19,4,1,0.0
15.0,19,4,1,0.0
82.0,19,4,1,0.0
15.0,19,4,1,0.0
15.0,19,4,1,0.0
15.0,19,4,1,0.0
15.0,19,4,1,0.0
15.0,19,4,1,0.0
82.0,19,4,1,0.0
15.0,19,4,1,0.0
15.0,19,4,1,0.0
15.0,19,4,1,0.0
15.0,19,4,1,0.0
15.0,19,4,1,0.0
15.0,19,4,1,0.0
83.0,19,4,1,0.0
82.0,19,4,1,0.0
15.0,19,4,1,0.0
15.0,19,4,1,0.0
15.0,19,4,1,0.0
15.0,19,4,1,0.0
15.0,19,4,1,0.0
15.0,19,4,1,0.0
83.0,19,4,1,0.0
82.0,19,4,1,0.0
15.0,19,4,1,0.0
15.0,19,4,1,0.0
15.0,19,4,1,0.0
15.0,19,4,1,0.0
15.0,19,4,1,0.0
82.0,19,4,1,0.0
82.0,19,4,1,0.0
162.0,19,4,1,0.0
162.0,19,4,1,0.0
153.0,19,4,1,0.0
153.0,19,4,1,0.0
152.0,19,4,1,0.0
15.0,19,4,1,0.0
83.0,19,4,1,0.0
15.0,19,4,1,0.0
15.0,19,4,1,0.0
15.0,19,4,1,0.0
15.0,19,4,1,0.0
15.0,19,4,1,0.0
15.0,19,4,1,0.0
83.0,19,4,1,0.0
82.0,19,4,1,0.0
82.0,19,4,1,0.0
15.0,19,4,1,0.0
15.0,19,4,1,0.0
15.0,19,4,1,0.0
15.0,19,4,1,0.0
82.0,19,4,1,0.0
82.0,19,4,1,0.0
82.0,19,4,1,0.0
15.0,19,4,1,0.0
15.0,19,4,1,0.0
15.0,19,4,1,0.0
15.0,19,4,1,0.0
82.0,19,4,1,0.0
82.0,19,4,1,0.0
82.0,19,4,1,0.0
15.0,19,4,1,0.0
15.0,19,4,1,0.0
15.0,19,4,1,0.0
15.0,19,4,1,0.0
82.0,19,4,1,0.0
82.0,19,4,1,0.0
82.0,19,4,1,0.0
15.0,19,4,1,0.0
15.0,19,4,1,0.0
15.0,19,4,1,0.0
82.0,19,4,1,0.0
82.0,19,4,1,0.0
82.0,19,4,1,0.0
15.0,19,4,1,0.0
15.0,19,4,1,0.0
15.0,19,4,1,0.0
15.0,19,4,1,0.0
14.0,19,4,1,0.0
14.0,19,4,1,0.0
14.0,19,4,1,0.0
14.0,19,4,1,0.0
14.0,19,4,1,0.0
14.0,19,4,1,0.0
14.0,19,4,1,0.0
14.0,19,4,1,0.0
14.0,19,4,1,0.0
14.0,19,4,1,0.0
14.0,19,4,1,0.0
14.0,19,4,1,0.0
14.0,19,4,1,0.0
14.0,19,4,1,0.0
14.0,19,4,1,0.0
14.0,19,4,1,0.0
14.0,19,4,1,0.0
14.0,19,4,1,0.0
14.0,19,4,1,0.0
14.0,19,4,1,0.0
14.0,19,4,1,0.0
14.0,19,4,1,0.0
14.0,19,4,1,0.0
14.0,19,4,1,0.0
14.0,19,4,1,0.0
14.0,19,4,1,0.0
14.0,19,4,1,0.0
14.0,19,4,1,0.0
14.0,19,4,1,0.0
14.0,19,4,1,0.0
14.0,19,4,1,0.0
14.0,19,4,1,0.0
168.0,19,4,1,0.0
151.0,19,4,1,0.0
148.0,19,4,1,0.0
148.0,19,4,1,0.0
14.0,19,4,1,0.0
14.0,19,4,1,0.0
14.0,19,4,1,0.0
14.0,19,4,1,0.0
14.0,19,4,1,0.0
14.0,19,4,1,0.0
14.0,19,4,1,0.0
14.0,19,4,1,0.0
14.0,19,4,1,0.0
14.0,19,4,1,0.0
14.0,19,4,1,0.0
14.0,19,4,1,0.0
14.0,19,4,1,0.0
14.0,19,4,1,0.0
14.0,19,4,1,0.0
1004.0,19,4,1,0.0
1000.0,19,4,1,0.0
1002.0,19,4,1,0.0
998.0,19,4,1,0.0
998.0,19,4,1,0.0
992.0,19,4,1,0.0
992.0,19,4,1,0.0
930.0,19,4,1,0.0
15.0,19,4,1,0.0
15.0,19,4,1,0.0
15.0,19,4,1,0.0
15.0,19,4,1,0.0
15.0,19,4,1,0.0
15.0,19,4,1,0.0
15.0,19,4,1,0.0
15.0,19,4,1,0.0
15.0,19,4,1,0.0
15.0,19,4,1,0.0
15.0,19,4,1,0.0
15.0,19,4,1,0.0
15.0,19,4,1,0.0
15.0,19,4,1,0.0
15.0,19,4,1,0.0
15.0,19,4,1,0.0
15.0,19,4,1,0.0
15.0,19,4,1,0.0
15.0,19,4,1,0.0
15.0,19,4,1,0.0
15.0,19,4,1,0.0
15.0,19,4,1,0.0
15.0,19,4,1,0.0
15.0,19,4,1,0.0
15.0,19,4,1,0.0
169.0,19,4,1,0.0
153.0,19,4,1,0.0
151.0,19,4,1,0.0
150.0,19,4,1,0.0
215.0,19,4,1,0.0
15.0,19,4,1,0.0
15.0,19,4,1,0.0
15.0,19,4,1,0.0
15.0,19,4,1,0.0
15.0,19,4,1,0.0
81.0,19,4,1,0.0
81.0,19,4,1,0.0
81.0,19,4,1,0.0
81.0,19,4,1,0.0
15.0,19,4,1,0.0
15.0,19,4,1,0.0
15.0,19,4,1,0.0
15.0,19,4,1,0.0
82.0,19,4,1,0.0
81.0,19,4,1,0.0
81.0,19,4,1,0.0
15.0,19,4,1,0.0
15.0,19,4,1,0.0
15.0,19,4,1,0.0
15.0,19,4,1,0.0
81.0,19,4,1,0.0
81.0,19,4,1,0.0
15.0,19,4,1,0.0
15.0,19,4,1,0.0
15.0,19,4,1,0.0
15.0,19,4,1,0.0
15.0,19,4,1,0.0
82.0,19,4,1,0.0
82.0,19,4,1,0.0
82.0,19,4,1,0.0
81.0,19,4,1,0.0
15.0,19,4,1,0.0
15.0,19,4,1,0.0
15.0,19,4,1,0.0
81.0,19,4,1,0.0
81.0,19,4,1,0.0
81.0,19,4,1,0.0
81.0,19,4,1,0.0
15.0,19,4,1,0.0
15.0,19,4,1,0.0
15.0,19,4,1,0.0
81.0,19,4,1,0.0
81.0,19,4,1,0.0
81.0,19,4,1,0.0
15.0,19,4,1,0.0
15.0,19,4,1,0.0
157.0,19,4,1,0.0
160.0,19,4,1,0.0
82.0,19,4,1,0.0
82.0,19,4,1,0.0
82.0,19,4,1,0.0
15.0,19,4,1,0.0
15.0,19,4,1,0.0
15.0,19,4,1,0.0
82.0,19,4,1,0.0
82.0,19,4,1,0.0
82.0,19,4,1,0.0
82.0,19,4,1,0.0
15.0,19,4,1,0.0
15.0,19,4,1,0.0
15.0,19,4,1,0.0
82.0,19,4,1,0.0
82.0,19,4,1,0.0
82.0,19,4,1,0.0
82.0,19,4,1,0.0
82.0,19,4,1,0.0
15.0,19,4,1,0.0
15.0,19,4,1,0.0
15.0,19,4,1,0.0
15.0,19,4,1,0.0
82.0,19,4,1,0.0
82.0,19,4,1,0.0
82.0,19,4,1,0.0
82.0,19,4,1,0.0
15.0,19,4,1,0.0
15.0,19,4,1,0.0
15.0,19,4,1,0.0
15.0,19,4,1,0.0
82.0,19,4,1,0.0
82.0,19,4,1,0.0
82.0,19,4,1,0.0
15.0,19,4,1,0.0
15.0,19,4,1,0.0
15.0,19,4,1,0.0
15.0,19,4,1,0.0
82.0,19,4,1,0.0
82.0,19,4,1,0.0
82.0,19,4,1,0.0
82.0,19,4,1,0.0
15.0,19,4,1,0.0
15.0,19,4,1,0.0
15.0,19,4,1,0.0
82.0,19,4,1,0.0
81.0,19,4,1,0.0
81.0,19,4,1,0.0
82.0,19,4,1,0.0
15.0,19,4,1,0.0
165.0,19,4,1,0.0
165.0,19,4,1,0.0
151.0,19,4,1,0.0
151.0,19,4,1,0.0
218.0,19,4,1,0.0
216.0,19,4,1,0.0
82.0,19,4,1,0.0
15.0,19,4,1,0.0
15.0,19,4,1,0.0
15.0,19,4,1,0.0
15.0,19,4,1,0.0
82.0,19,4,1,0.0
82.0,19,4,1,0.0
82.0,19,4,1,0.0
15.0,19,4,1,0.0
15.0,19,4,1,0.0
15.0,19,4,1,0.0
83.0,19,4,1,0.0
82.0,19,4,1,0.0
82.0,19,4,1,0.0
82.0,19,4,1,0.0
11.0,19,4,1,0.0
11.0,19,4,1,0.0
1855.0,19,4,1,0.0
2750.0,19,4,1,0.0
2750.0,19,4,1,0.0
82.0,19,4,1,0.0
82.0,19,4,1,0.0
35.0,19,4,1,0.0
35.0,19,4,1,0.0
853.0,19,4,1,0.0
14.0,19,4,1,0.0
82.0,19,4,1,0.0
102.0,19,4,1,0.0
922.0,19,4,1,0.0
35.0,19,4,1,0.0
35.0,19,4,1,0.0
859.0,19,4,1,0.0
14.0,19,4,1,0.0
